Record Length,2.500000e+03,,  -0.000025000000, 264.00000,
Sample Interval,2.000000e-08,,  -0.000024980000, 376.00000,
Trigger Point,1.250000000000e+03,,  -0.000024960000, 496.00000,
,,,  -0.000024940000, 616.00000,
,,,  -0.000024920000, 640.00000,
,,,  -0.000024900000, 648.00000,
Source,CH1,,  -0.000024880000, 648.00000,
Vertical Units,V,,  -0.000024860000, 648.00000,
Vertical Scale,2.000000e+02,,  -0.000024840000, 648.00000,
Vertical Offset,-6.000000e+02,,  -0.000024820000, 640.00000,
Horizontal Units,s,,  -0.000024800000, 640.00000,
Horizontal Scale,5.000000e-06,,  -0.000024780000, 640.00000,
Pt Fmt,Y,,  -0.000024760000, 656.00000,
Yzero,0.000000e+00,,  -0.000024740000, 664.00000,
Probe Atten,1.000000e+02,,  -0.000024720000, 648.00000,
Model Number,TDS2004C,,  -0.000024700000, 648.00000,
Serial Number,C010975,,  -0.000024680000, 656.00000,
Firmware Version,FV:v24.09,,  -0.000024660000, 640.00000,
,,,-00.000024640000, 656.00000,
,,,-00.000024620000, 656.00000,
,,,-00.000024600000, 656.00000,
,,,-00.000024580000, 664.00000,
,,,-00.000024560000, 656.00000,
,,,-00.000024540000, 656.00000,
,,,-00.000024520000, 656.00000,
,,,-00.000024500000, 664.00000,
,,,-00.000024480000, 656.00000,
,,,-00.000024460000, 656.00000,
,,,-00.000024440000, 656.00000,
,,,-00.000024420000, 664.00000,
,,,-00.000024400000, 656.00000,
,,,-00.000024380000, 664.00000,
,,,-00.000024360000, 648.00000,
,,,-00.000024340000, 640.00000,
,,,-00.000024320000, 616.00000,
,,,-00.000024300000, 600.00000,
,,,-00.000024280000, 552.00000,
,,,-00.000024260000, 520.00000,
,,,-00.000024240000, 472.00000,
,,,-00.000024220000, 424.00000,
,,,-00.000024200000, 392.00000,
,,,-00.000024180000, 368.00000,
,,,-00.000024160000, 344.00000,
,,,-00.000024140000, 328.00000,
,,,-00.000024120000, 328.00000,
,,,-00.000024100000, 336.00000,
,,,-00.000024080000, 336.00000,
,,,-00.000024060000, 376.00000,
,,,-00.000024040000, 392.00000,
,,,-00.000024020000, 432.00000,
,,,-00.000024000000, 472.00000,
,,,-00.000023980000, 520.00000,
,,,-00.000023960000, 560.00000,
,,,-00.000023940000, 608.00000,
,,,-00.000023920000, 632.00000,
,,,-00.000023900000, 656.00000,
,,,-00.000023880000, 648.00000,
,,,-00.000023860000, 656.00000,
,,,-00.000023840000, 656.00000,
,,,-00.000023820000, 648.00000,
,,,-00.000023800000, 648.00000,
,,,-00.000023780000, 648.00000,
,,,-00.000023760000, 664.00000,
,,,-00.000023740000, 640.00000,
,,,-00.000023720000, 632.00000,
,,,-00.000023700000, 608.00000,
,,,-00.000023680000, 560.00000,
,,,-00.000023660000, 528.00000,
,,,-00.000023640000, 496.00000,
,,,-00.000023620000, 464.00000,
,,,-00.000023600000, 440.00000,
,,,-00.000023580000, 416.00000,
,,,-00.000023560000, 408.00000,
,,,-00.000023540000, 392.00000,
,,,-00.000023520000, 376.00000,
,,,-00.000023500000, 392.00000,
,,,-00.000023480000, 400.00000,
,,,-00.000023460000, 408.00000,
,,,-00.000023440000, 432.00000,
,,,-00.000023420000, 448.00000,
,,,-00.000023400000, 488.00000,
,,,-00.000023380000, 504.00000,
,,,-00.000023360000, 536.00000,
,,,-00.000023340000, 576.00000,
,,,-00.000023320000, 592.00000,
,,,-00.000023300000, 616.00000,
,,,-00.000023280000, 624.00000,
,,,-00.000023260000, 624.00000,
,,,-00.000023240000, 624.00000,
,,,-00.000023220000, 616.00000,
,,,-00.000023200000, 616.00000,
,,,-00.000023180000, 592.00000,
,,,-00.000023160000, 584.00000,
,,,-00.000023140000, 560.00000,
,,,-00.000023120000, 536.00000,
,,,-00.000023100000, 520.00000,
,,,-00.000023080000, 496.00000,
,,,-00.000023060000, 472.00000,
,,,-00.000023040000, 456.00000,
,,,-00.000023020000, 448.00000,
,,,-00.000023000000, 432.00000,
,,,-00.000022980000, 432.00000,
,,,-00.000022960000, 432.00000,
,,,-00.000022940000, 440.00000,
,,,-00.000022920000, 432.00000,
,,,-00.000022900000, 416.00000,
,,,-00.000022880000, 408.00000,
,,,-00.000022860000, 408.00000,
,,,-00.000022840000, 400.00000,
,,,-00.000022820000, 376.00000,
,,,-00.000022800000, 352.00000,
,,,-00.000022780000, 344.00000,
,,,-00.000022760000, 344.00000,
,,,-00.000022740000, 320.00000,
,,,-00.000022720000, 312.00000,
,,,-00.000022700000, 288.00000,
,,,-00.000022680000, 280.00000,
,,,-00.000022660000, 264.00000,
,,,-00.000022640000, 248.00000,
,,,-00.000022620000, 240.00000,
,,,-00.000022600000, 232.00000,
,,,-00.000022580000, 216.00000,
,,,-00.000022560000, 208.00000,
,,,-00.000022540000, 192.00000,
,,,-00.000022520000, 184.00000,
,,,-00.000022500000, 184.00000,
,,,-00.000022480000, 176.00000,
,,,-00.000022460000, 176.00000,
,,,-00.000022440000, 152.00000,
,,,-00.000022420000, 152.00000,
,,,-00.000022400000, 144.00000,
,,,-00.000022380000, 144.00000,
,,,-00.000022360000, 136.00000,
,,,-00.000022340000, 136.00000,
,,,-00.000022320000, 128.00000,
,,,-00.000022300000, 128.00000,
,,,-00.000022280000, 128.00000,
,,,-00.000022260000, 128.00000,
,,,-00.000022240000, 120.00000,
,,,-00.000022220000, 128.00000,
,,,-00.000022200000, 128.00000,
,,,-00.000022180000, 136.00000,
,,,-00.000022160000, 128.00000,
,,,-00.000022140000, 120.00000,
,,,-00.000022120000, 144.00000,
,,,-00.000022100000, 144.00000,
,,,-00.000022080000, 160.00000,
,,,-00.000022060000, 152.00000,
,,,-00.000022040000, 160.00000,
,,,-00.000022020000, 160.00000,
,,,-00.000022000000, 176.00000,
,,,-00.000021980000, 192.00000,
,,,-00.000021960000, 200.00000,
,,,-00.000021940000, 200.00000,
,,,-00.000021920000, 216.00000,
,,,-00.000021900000, 224.00000,
,,,-00.000021880000, 248.00000,
,,,-00.000021860000, 256.00000,
,,,-00.000021840000, 272.00000,
,,,-00.000021820000, 280.00000,
,,,-00.000021800000, 288.00000,
,,,-00.000021780000, 304.00000,
,,,-00.000021760000, 304.00000,
,,,-00.000021740000, 336.00000,
,,,-00.000021720000, 352.00000,
,,,-00.000021700000, 360.00000,
,,,-00.000021680000, 368.00000,
,,,-00.000021660000, 384.00000,
,,,-00.000021640000, 408.00000,
,,,-00.000021620000, 416.00000,
,,,-00.000021600000, 424.00000,
,,,-00.000021580000, 432.00000,
,,,-00.000021560000, 448.00000,
,,,-00.000021540000, 464.00000,
,,,-00.000021520000, 472.00000,
,,,-00.000021500000, 480.00000,
,,,-00.000021480000, 488.00000,
,,,-00.000021460000, 504.00000,
,,,-00.000021440000, 496.00000,
,,,-00.000021420000, 512.00000,
,,,-00.000021400000, 512.00000,
,,,-00.000021380000, 512.00000,
,,,-00.000021360000, 512.00000,
,,,-00.000021340000, 512.00000,
,,,-00.000021320000, 520.00000,
,,,-00.000021300000, 512.00000,
,,,-00.000021280000, 512.00000,
,,,-00.000021260000, 504.00000,
,,,-00.000021240000, 504.00000,
,,,-00.000021220000, 504.00000,
,,,-00.000021200000, 480.00000,
,,,-00.000021180000, 480.00000,
,,,-00.000021160000, 472.00000,
,,,-00.000021140000, 456.00000,
,,,-00.000021120000, 456.00000,
,,,-00.000021100000, 432.00000,
,,,-00.000021080000, 424.00000,
,,,-00.000021060000, 408.00000,
,,,-00.000021040000, 400.00000,
,,,-00.000021020000, 392.00000,
,,,-00.000021000000, 368.00000,
,,,-00.000020980000, 352.00000,
,,,-00.000020960000, 360.00000,
,,,-00.000020940000, 328.00000,
,,,-00.000020920000, 320.00000,
,,,-00.000020900000, 312.00000,
,,,-00.000020880000, 288.00000,
,,,-00.000020860000, 280.00000,
,,,-00.000020840000, 256.00000,
,,,-00.000020820000, 240.00000,
,,,-00.000020800000, 240.00000,
,,,-00.000020780000, 232.00000,
,,,-00.000020760000, 224.00000,
,,,-00.000020740000, 208.00000,
,,,-00.000020720000, 208.00000,
,,,-00.000020700000, 184.00000,
,,,-00.000020680000, 184.00000,
,,,-00.000020660000, 176.00000,
,,,-00.000020640000, 160.00000,
,,,-00.000020620000, 168.00000,
,,,-00.000020600000, 160.00000,
,,,-00.000020580000, 160.00000,
,,,-00.000020560000, 144.00000,
,,,-00.000020540000, 144.00000,
,,,-00.000020520000, 144.00000,
,,,-00.000020500000, 144.00000,
,,,-00.000020480000, 144.00000,
,,,-00.000020460000, 136.00000,
,,,-00.000020440000, 136.00000,
,,,-00.000020420000, 136.00000,
,,,-00.000020400000, 136.00000,
,,,-00.000020380000, 144.00000,
,,,-00.000020360000, 136.00000,
,,,-00.000020340000, 136.00000,
,,,-00.000020320000, 152.00000,
,,,-00.000020300000, 152.00000,
,,,-00.000020280000, 152.00000,
,,,-00.000020260000, 160.00000,
,,,-00.000020240000, 176.00000,
,,,-00.000020220000, 176.00000,
,,,-00.000020200000, 192.00000,
,,,-00.000020180000, 192.00000,
,,,-00.000020160000, 200.00000,
,,,-00.000020140000, 208.00000,
,,,-00.000020120000, 216.00000,
,,,-00.000020100000, 232.00000,
,,,-00.000020080000, 248.00000,
,,,-00.000020060000, 264.00000,
,,,-00.000020040000, 272.00000,
,,,-00.000020020000, 288.00000,
,,,-00.000020000000, 288.00000,
,,,-00.000019980000, 312.00000,
,,,-00.000019960000, 320.00000,
,,,-00.000019940000, 328.00000,
,,,-00.000019920000, 352.00000,
,,,-00.000019900000, 368.00000,
,,,-00.000019880000, 376.00000,
,,,-00.000019860000, 384.00000,
,,,-00.000019840000, 400.00000,
,,,-00.000019820000, 408.00000,
,,,-00.000019800000, 424.00000,
,,,-00.000019780000, 424.00000,
,,,-00.000019760000, 440.00000,
,,,-00.000019740000, 456.00000,
,,,-00.000019720000, 472.00000,
,,,-00.000019700000, 464.00000,
,,,-00.000019680000, 472.00000,
,,,-00.000019660000, 488.00000,
,,,-00.000019640000, 496.00000,
,,,-00.000019620000, 496.00000,
,,,-00.000019600000, 504.00000,
,,,-00.000019580000, 496.00000,
,,,-00.000019560000, 504.00000,
,,,-00.000019540000, 504.00000,
,,,-00.000019520000, 504.00000,
,,,-00.000019500000, 512.00000,
,,,-00.000019480000, 488.00000,
,,,-00.000019460000, 488.00000,
,,,-00.000019440000, 488.00000,
,,,-00.000019420000, 480.00000,
,,,-00.000019400000, 472.00000,
,,,-00.000019380000, 464.00000,
,,,-00.000019360000, 456.00000,
,,,-00.000019340000, 456.00000,
,,,-00.000019320000, 440.00000,
,,,-00.000019300000, 432.00000,
,,,-00.000019280000, 416.00000,
,,,-00.000019260000, 400.00000,
,,,-00.000019240000, 400.00000,
,,,-00.000019220000, 384.00000,
,,,-00.000019200000, 368.00000,
,,,-00.000019180000, 352.00000,
,,,-00.000019160000, 344.00000,
,,,-00.000019140000, 328.00000,
,,,-00.000019120000, 320.00000,
,,,-00.000019100000, 304.00000,
,,,-00.000019080000, 288.00000,
,,,-00.000019060000, 280.00000,
,,,-00.000019040000, 264.00000,
,,,-00.000019020000, 256.00000,
,,,-00.000019000000, 248.00000,
,,,-00.000018980000, 240.00000,
,,,-00.000018960000, 224.00000,
,,,-00.000018940000, 208.00000,
,,,-00.000018920000, 208.00000,
,,,-00.000018900000, 200.00000,
,,,-00.000018880000, 184.00000,
,,,-00.000018860000, 184.00000,
,,,-00.000018840000, 168.00000,
,,,-00.000018820000, 168.00000,
,,,-00.000018800000, 160.00000,
,,,-00.000018780000, 152.00000,
,,,-00.000018760000, 152.00000,
,,,-00.000018740000, 152.00000,
,,,-00.000018720000, 144.00000,
,,,-00.000018700000, 152.00000,
,,,-00.000018680000, 136.00000,
,,,-00.000018660000, 136.00000,
,,,-00.000018640000, 144.00000,
,,,-00.000018620000, 160.00000,
,,,-00.000018600000, 144.00000,
,,,-00.000018580000, 144.00000,
,,,-00.000018560000, 144.00000,
,,,-00.000018540000, 152.00000,
,,,-00.000018520000, 152.00000,
,,,-00.000018500000, 168.00000,
,,,-00.000018480000, 168.00000,
,,,-00.000018460000, 176.00000,
,,,-00.000018440000, 176.00000,
,,,-00.000018420000, 184.00000,
,,,-00.000018400000, 184.00000,
,,,-00.000018380000, 200.00000,
,,,-00.000018360000, 216.00000,
,,,-00.000018340000, 216.00000,
,,,-00.000018320000, 224.00000,
,,,-00.000018300000, 240.00000,
,,,-00.000018280000, 248.00000,
,,,-00.000018260000, 264.00000,
,,,-00.000018240000, 272.00000,
,,,-00.000018220000, 296.00000,
,,,-00.000018200000, 296.00000,
,,,-00.000018180000, 304.00000,
,,,-00.000018160000, 320.00000,
,,,-00.000018140000, 328.00000,
,,,-00.000018120000, 344.00000,
,,,-00.000018100000, 360.00000,
,,,-00.000018080000, 368.00000,
,,,-00.000018060000, 384.00000,
,,,-00.000018040000, 408.00000,
,,,-00.000018020000, 392.00000,
,,,-00.000018000000, 416.00000,
,,,-00.000017980000, 424.00000,
,,,-00.000017960000, 440.00000,
,,,-00.000017940000, 448.00000,
,,,-00.000017920000, 456.00000,
,,,-00.000017900000, 464.00000,
,,,-00.000017880000, 480.00000,
,,,-00.000017860000, 472.00000,
,,,-00.000017840000, 480.00000,
,,,-00.000017820000, 488.00000,
,,,-00.000017800000, 480.00000,
,,,-00.000017780000, 480.00000,
,,,-00.000017760000, 496.00000,
,,,-00.000017740000, 488.00000,
,,,-00.000017720000, 488.00000,
,,,-00.000017700000, 488.00000,
,,,-00.000017680000, 488.00000,
,,,-00.000017660000, 488.00000,
,,,-00.000017640000, 480.00000,
,,,-00.000017620000, 472.00000,
,,,-00.000017600000, 464.00000,
,,,-00.000017580000, 456.00000,
,,,-00.000017560000, 448.00000,
,,,-00.000017540000, 440.00000,
,,,-00.000017520000, 432.00000,
,,,-00.000017500000, 416.00000,
,,,-00.000017480000, 408.00000,
,,,-00.000017460000, 408.00000,
,,,-00.000017440000, 384.00000,
,,,-00.000017420000, 384.00000,
,,,-00.000017400000, 360.00000,
,,,-00.000017380000, 352.00000,
,,,-00.000017360000, 344.00000,
,,,-00.000017340000, 320.00000,
,,,-00.000017320000, 312.00000,
,,,-00.000017300000, 304.00000,
,,,-00.000017280000, 288.00000,
,,,-00.000017260000, 280.00000,
,,,-00.000017240000, 256.00000,
,,,-00.000017220000, 264.00000,
,,,-00.000017200000, 248.00000,
,,,-00.000017180000, 240.00000,
,,,-00.000017160000, 224.00000,
,,,-00.000017140000, 216.00000,
,,,-00.000017120000, 208.00000,
,,,-00.000017100000, 208.00000,
,,,-00.000017080000, 192.00000,
,,,-00.000017060000, 184.00000,
,,,-00.000017040000, 176.00000,
,,,-00.000017020000, 168.00000,
,,,-00.000017000000, 176.00000,
,,,-00.000016980000, 160.00000,
,,,-00.000016960000, 160.00000,
,,,-00.000016940000, 160.00000,
,,,-00.000016920000, 152.00000,
,,,-00.000016900000, 160.00000,
,,,-00.000016880000, 160.00000,
,,,-00.000016860000, 144.00000,
,,,-00.000016840000, 160.00000,
,,,-00.000016820000, 152.00000,
,,,-00.000016800000, 160.00000,
,,,-00.000016780000, 160.00000,
,,,-00.000016760000, 160.00000,
,,,-00.000016740000, 160.00000,
,,,-00.000016720000, 168.00000,
,,,-00.000016700000, 168.00000,
,,,-00.000016680000, 168.00000,
,,,-00.000016660000, 192.00000,
,,,-00.000016640000, 192.00000,
,,,-00.000016620000, 192.00000,
,,,-00.000016600000, 200.00000,
,,,-00.000016580000, 208.00000,
,,,-00.000016560000, 216.00000,
,,,-00.000016540000, 224.00000,
,,,-00.000016520000, 240.00000,
,,,-00.000016500000, 248.00000,
,,,-00.000016480000, 256.00000,
,,,-00.000016460000, 264.00000,
,,,-00.000016440000, 272.00000,
,,,-00.000016420000, 288.00000,
,,,-00.000016400000, 304.00000,
,,,-00.000016380000, 320.00000,
,,,-00.000016360000, 320.00000,
,,,-00.000016340000, 336.00000,
,,,-00.000016320000, 352.00000,
,,,-00.000016300000, 368.00000,
,,,-00.000016280000, 376.00000,
,,,-00.000016260000, 392.00000,
,,,-00.000016240000, 400.00000,
,,,-00.000016220000, 408.00000,
,,,-00.000016200000, 416.00000,
,,,-00.000016180000, 416.00000,
,,,-00.000016160000, 432.00000,
,,,-00.000016140000, 440.00000,
,,,-00.000016120000, 448.00000,
,,,-00.000016100000, 456.00000,
,,,-00.000016080000, 464.00000,
,,,-00.000016060000, 472.00000,
,,,-00.000016040000, 472.00000,
,,,-00.000016020000, 472.00000,
,,,-00.000016000000, 480.00000,
,,,-00.000015980000, 480.00000,
,,,-00.000015960000, 488.00000,
,,,-00.000015940000, 488.00000,
,,,-00.000015920000, 488.00000,
,,,-00.000015900000, 480.00000,
,,,-00.000015880000, 480.00000,
,,,-00.000015860000, 472.00000,
,,,-00.000015840000, 464.00000,
,,,-00.000015820000, 456.00000,
,,,-00.000015800000, 456.00000,
,,,-00.000015780000, 448.00000,
,,,-00.000015760000, 440.00000,
,,,-00.000015740000, 424.00000,
,,,-00.000015720000, 416.00000,
,,,-00.000015700000, 408.00000,
,,,-00.000015680000, 400.00000,
,,,-00.000015660000, 392.00000,
,,,-00.000015640000, 376.00000,
,,,-00.000015620000, 368.00000,
,,,-00.000015600000, 352.00000,
,,,-00.000015580000, 352.00000,
,,,-00.000015560000, 336.00000,
,,,-00.000015540000, 320.00000,
,,,-00.000015520000, 304.00000,
,,,-00.000015500000, 288.00000,
,,,-00.000015480000, 296.00000,
,,,-00.000015460000, 288.00000,
,,,-00.000015440000, 272.00000,
,,,-00.000015420000, 256.00000,
,,,-00.000015400000, 248.00000,
,,,-00.000015380000, 240.00000,
,,,-00.000015360000, 232.00000,
,,,-00.000015340000, 224.00000,
,,,-00.000015320000, 216.00000,
,,,-00.000015300000, 208.00000,
,,,-00.000015280000, 200.00000,
,,,-00.000015260000, 176.00000,
,,,-00.000015240000, 184.00000,
,,,-00.000015220000, 184.00000,
,,,-00.000015200000, 184.00000,
,,,-00.000015180000, 176.00000,
,,,-00.000015160000, 168.00000,
,,,-00.000015140000, 160.00000,
,,,-00.000015120000, 160.00000,
,,,-00.000015100000, 168.00000,
,,,-00.000015080000, 168.00000,
,,,-00.000015060000, 168.00000,
,,,-00.000015040000, 160.00000,
,,,-00.000015020000, 168.00000,
,,,-00.000015000000, 160.00000,
,,,-00.000014980000, 160.00000,
,,,-00.000014960000, 168.00000,
,,,-00.000014940000, 176.00000,
,,,-00.000014920000, 184.00000,
,,,-00.000014900000, 176.00000,
,,,-00.000014880000, 176.00000,
,,,-00.000014860000, 184.00000,
,,,-00.000014840000, 192.00000,
,,,-00.000014820000, 200.00000,
,,,-00.000014800000, 208.00000,
,,,-00.000014780000, 216.00000,
,,,-00.000014760000, 232.00000,
,,,-00.000014740000, 232.00000,
,,,-00.000014720000, 240.00000,
,,,-00.000014700000, 256.00000,
,,,-00.000014680000, 264.00000,
,,,-00.000014660000, 272.00000,
,,,-00.000014640000, 288.00000,
,,,-00.000014620000, 296.00000,
,,,-00.000014600000, 312.00000,
,,,-00.000014580000, 320.00000,
,,,-00.000014560000, 336.00000,
,,,-00.000014540000, 336.00000,
,,,-00.000014520000, 344.00000,
,,,-00.000014500000, 368.00000,
,,,-00.000014480000, 368.00000,
,,,-00.000014460000, 384.00000,
,,,-00.000014440000, 384.00000,
,,,-00.000014420000, 416.00000,
,,,-00.000014400000, 416.00000,
,,,-00.000014380000, 424.00000,
,,,-00.000014360000, 432.00000,
,,,-00.000014340000, 440.00000,
,,,-00.000014320000, 448.00000,
,,,-00.000014300000, 456.00000,
,,,-00.000014280000, 456.00000,
,,,-00.000014260000, 456.00000,
,,,-00.000014240000, 464.00000,
,,,-00.000014220000, 464.00000,
,,,-00.000014200000, 472.00000,
,,,-00.000014180000, 472.00000,
,,,-00.000014160000, 472.00000,
,,,-00.000014140000, 472.00000,
,,,-00.000014120000, 472.00000,
,,,-00.000014100000, 472.00000,
,,,-00.000014080000, 464.00000,
,,,-00.000014060000, 456.00000,
,,,-00.000014040000, 456.00000,
,,,-00.000014020000, 400.00000,
,,,-00.000014000000,  24.00000,
,,,-00.000013980000,  24.00000,
,,,-00.000013960000,  24.00000,
,,,-00.000013940000,  24.00000,
,,,-00.000013920000,  16.00000,
,,,-00.000013900000,  16.00000,
,,,-00.000013880000,  24.00000,
,,,-00.000013860000,   8.00000,
,,,-00.000013840000,  16.00000,
,,,-00.000013820000,  24.00000,
,,,-00.000013800000,  32.00000,
,,,-00.000013780000,  16.00000,
,,,-00.000013760000,   8.00000,
,,,-00.000013740000,  16.00000,
,,,-00.000013720000,  24.00000,
,,,-00.000013700000,  24.00000,
,,,-00.000013680000,  16.00000,
,,,-00.000013660000,  24.00000,
,,,-00.000013640000,  24.00000,
,,,-00.000013620000,  24.00000,
,,,-00.000013600000,  24.00000,
,,,-00.000013580000,  16.00000,
,,,-00.000013560000,  16.00000,
,,,-00.000013540000,  16.00000,
,,,-00.000013520000,  24.00000,
,,,-00.000013500000,  16.00000,
,,,-00.000013480000,  16.00000,
,,,-00.000013460000,  16.00000,
,,,-00.000013440000,  16.00000,
,,,-00.000013420000,  24.00000,
,,,-00.000013400000,  24.00000,
,,,-00.000013380000,  16.00000,
,,,-00.000013360000,  16.00000,
,,,-00.000013340000,   8.00000,
,,,-00.000013320000,  16.00000,
,,,-00.000013300000,  24.00000,
,,,-00.000013280000,   8.00000,
,,,-00.000013260000,   8.00000,
,,,-00.000013240000,  24.00000,
,,,-00.000013220000,  24.00000,
,,,-00.000013200000,  24.00000,
,,,-00.000013180000,   8.00000,
,,,-00.000013160000,  16.00000,
,,,-00.000013140000,  16.00000,
,,,-00.000013120000,   8.00000,
,,,-00.000013100000,  16.00000,
,,,-00.000013080000,  16.00000,
,,,-00.000013060000,   8.00000,
,,,-00.000013040000,  16.00000,
,,,-00.000013020000,   8.00000,
,,,-00.000013000000,  16.00000,
,,,-00.000012980000,  24.00000,
,,,-00.000012960000,  16.00000,
,,,-00.000012940000,  24.00000,
,,,-00.000012920000,  16.00000,
,,,-00.000012900000,   0.00000,
,,,-00.000012880000,  24.00000,
,,,-00.000012860000,  24.00000,
,,,-00.000012840000,  16.00000,
,,,-00.000012820000,  16.00000,
,,,-00.000012800000,  16.00000,
,,,-00.000012780000,  16.00000,
,,,-00.000012760000,  24.00000,
,,,-00.000012740000,  16.00000,
,,,-00.000012720000,  16.00000,
,,,-00.000012700000,  16.00000,
,,,-00.000012680000,  16.00000,
,,,-00.000012660000,   8.00000,
,,,-00.000012640000,   8.00000,
,,,-00.000012620000,  16.00000,
,,,-00.000012600000,  16.00000,
,,,-00.000012580000,  16.00000,
,,,-00.000012560000,  24.00000,
,,,-00.000012540000,  16.00000,
,,,-00.000012520000,   0.00000,
,,,-00.000012500000,   8.00000,
,,,-00.000012480000,  24.00000,
,,,-00.000012460000,  16.00000,
,,,-00.000012440000,  48.00000,
,,,-00.000012420000, 112.00000,
,,,-00.000012400000, 208.00000,
,,,-00.000012380000, 304.00000,
,,,-00.000012360000, 424.00000,
,,,-00.000012340000, 544.00000,
,,,-00.000012320000, 640.00000,
,,,-00.000012300000, 648.00000,
,,,-00.000012280000, 648.00000,
,,,-00.000012260000, 640.00000,
,,,-00.000012240000, 648.00000,
,,,-00.000012220000, 640.00000,
,,,-00.000012200000, 640.00000,
,,,-00.000012180000, 640.00000,
,,,-00.000012160000, 648.00000,
,,,-00.000012140000, 656.00000,
,,,-00.000012120000, 656.00000,
,,,-00.000012100000, 648.00000,
,,,-00.000012080000, 648.00000,
,,,-00.000012060000, 656.00000,
,,,-00.000012040000, 656.00000,
,,,-00.000012020000, 656.00000,
,,,-00.000012000000, 656.00000,
,,,-00.000011980000, 648.00000,
,,,-00.000011960000, 656.00000,
,,,-00.000011940000, 648.00000,
,,,-00.000011920000, 656.00000,
,,,-00.000011900000, 656.00000,
,,,-00.000011880000, 664.00000,
,,,-00.000011860000, 648.00000,
,,,-00.000011840000, 656.00000,
,,,-00.000011820000, 664.00000,
,,,-00.000011800000, 656.00000,
,,,-00.000011780000, 656.00000,
,,,-00.000011760000, 656.00000,
,,,-00.000011740000, 648.00000,
,,,-00.000011720000, 640.00000,
,,,-00.000011700000, 616.00000,
,,,-00.000011680000, 576.00000,
,,,-00.000011660000, 536.00000,
,,,-00.000011640000, 496.00000,
,,,-00.000011620000, 456.00000,
,,,-00.000011600000, 408.00000,
,,,-00.000011580000, 376.00000,
,,,-00.000011560000, 352.00000,
,,,-00.000011540000, 328.00000,
,,,-00.000011520000, 328.00000,
,,,-00.000011500000, 320.00000,
,,,-00.000011480000, 336.00000,
,,,-00.000011460000, 352.00000,
,,,-00.000011440000, 384.00000,
,,,-00.000011420000, 416.00000,
,,,-00.000011400000, 448.00000,
,,,-00.000011380000, 496.00000,
,,,-00.000011360000, 544.00000,
,,,-00.000011340000, 576.00000,
,,,-00.000011320000, 624.00000,
,,,-00.000011300000, 648.00000,
,,,-00.000011280000, 656.00000,
,,,-00.000011260000, 656.00000,
,,,-00.000011240000, 656.00000,
,,,-00.000011220000, 656.00000,
,,,-00.000011200000, 648.00000,
,,,-00.000011180000, 648.00000,
,,,-00.000011160000, 656.00000,
,,,-00.000011140000, 656.00000,
,,,-00.000011120000, 648.00000,
,,,-00.000011100000, 624.00000,
,,,-00.000011080000, 584.00000,
,,,-00.000011060000, 568.00000,
,,,-00.000011040000, 520.00000,
,,,-00.000011020000, 488.00000,
,,,-00.000011000000, 456.00000,
,,,-00.000010980000, 424.00000,
,,,-00.000010960000, 408.00000,
,,,-00.000010940000, 392.00000,
,,,-00.000010920000, 384.00000,
,,,-00.000010900000, 384.00000,
,,,-00.000010880000, 392.00000,
,,,-00.000010860000, 400.00000,
,,,-00.000010840000, 424.00000,
,,,-00.000010820000, 448.00000,
,,,-00.000010800000, 472.00000,
,,,-00.000010780000, 504.00000,
,,,-00.000010760000, 528.00000,
,,,-00.000010740000, 552.00000,
,,,-00.000010720000, 584.00000,
,,,-00.000010700000, 600.00000,
,,,-00.000010680000, 616.00000,
,,,-00.000010660000, 624.00000,
,,,-00.000010640000, 632.00000,
,,,-00.000010620000, 624.00000,
,,,-00.000010600000, 624.00000,
,,,-00.000010580000, 616.00000,
,,,-00.000010560000, 592.00000,
,,,-00.000010540000, 576.00000,
,,,-00.000010520000, 560.00000,
,,,-00.000010500000, 536.00000,
,,,-00.000010480000, 512.00000,
,,,-00.000010460000, 488.00000,
,,,-00.000010440000, 464.00000,
,,,-00.000010420000, 464.00000,
,,,-00.000010400000, 448.00000,
,,,-00.000010380000, 432.00000,
,,,-00.000010360000, 432.00000,
,,,-00.000010340000, 440.00000,
,,,-00.000010320000, 432.00000,
,,,-00.000010300000, 440.00000,
,,,-00.000010280000, 408.00000,
,,,-00.000010260000, 408.00000,
,,,-00.000010240000, 408.00000,
,,,-00.000010220000, 384.00000,
,,,-00.000010200000, 368.00000,
,,,-00.000010180000, 360.00000,
,,,-00.000010160000, 344.00000,
,,,-00.000010140000, 336.00000,
,,,-00.000010120000, 320.00000,
,,,-00.000010100000, 304.00000,
,,,-00.000010080000, 288.00000,
,,,-00.000010060000, 280.00000,
,,,-00.000010040000, 264.00000,
,,,-00.000010020000, 256.00000,
,,,-00.000010000000, 240.00000,
,,,-00.000009980000, 240.00000,
,,,-00.000009960000, 216.00000,
,,,-00.000009940000, 200.00000,
,,,-00.000009920000, 200.00000,
,,,-00.000009900000, 184.00000,
,,,-00.000009880000, 168.00000,
,,,-00.000009860000, 168.00000,
,,,-00.000009840000, 168.00000,
,,,-00.000009820000, 152.00000,
,,,-00.000009800000, 144.00000,
,,,-00.000009780000, 136.00000,
,,,-00.000009760000, 144.00000,
,,,-00.000009740000, 136.00000,
,,,-00.000009720000, 128.00000,
,,,-00.000009700000, 128.00000,
,,,-00.000009680000, 128.00000,
,,,-00.000009660000, 120.00000,
,,,-00.000009640000, 128.00000,
,,,-00.000009620000, 120.00000,
,,,-00.000009600000, 128.00000,
,,,-00.000009580000, 128.00000,
,,,-00.000009560000, 112.00000,
,,,-00.000009540000, 136.00000,
,,,-00.000009520000, 128.00000,
,,,-00.000009500000, 136.00000,
,,,-00.000009480000, 152.00000,
,,,-00.000009460000, 152.00000,
,,,-00.000009440000, 160.00000,
,,,-00.000009420000, 160.00000,
,,,-00.000009400000, 168.00000,
,,,-00.000009380000, 184.00000,
,,,-00.000009360000, 184.00000,
,,,-00.000009340000, 192.00000,
,,,-00.000009320000, 200.00000,
,,,-00.000009300000, 216.00000,
,,,-00.000009280000, 240.00000,
,,,-00.000009260000, 248.00000,
,,,-00.000009240000, 256.00000,
,,,-00.000009220000, 272.00000,
,,,-00.000009200000, 280.00000,
,,,-00.000009180000, 296.00000,
,,,-00.000009160000, 296.00000,
,,,-00.000009140000, 328.00000,
,,,-00.000009120000, 336.00000,
,,,-00.000009100000, 344.00000,
,,,-00.000009080000, 360.00000,
,,,-00.000009060000, 384.00000,
,,,-00.000009040000, 392.00000,
,,,-00.000009020000, 400.00000,
,,,-00.000009000000, 416.00000,
,,,-00.000008980000, 432.00000,
,,,-00.000008960000, 448.00000,
,,,-00.000008940000, 448.00000,
,,,-00.000008920000, 456.00000,
,,,-00.000008900000, 480.00000,
,,,-00.000008880000, 480.00000,
,,,-00.000008860000, 488.00000,
,,,-00.000008840000, 496.00000,
,,,-00.000008820000, 512.00000,
,,,-00.000008800000, 504.00000,
,,,-00.000008780000, 504.00000,
,,,-00.000008760000, 512.00000,
,,,-00.000008740000, 512.00000,
,,,-00.000008720000, 520.00000,
,,,-00.000008700000, 504.00000,
,,,-00.000008680000, 504.00000,
,,,-00.000008660000, 512.00000,
,,,-00.000008640000, 504.00000,
,,,-00.000008620000, 496.00000,
,,,-00.000008600000, 488.00000,
,,,-00.000008580000, 488.00000,
,,,-00.000008560000, 464.00000,
,,,-00.000008540000, 464.00000,
,,,-00.000008520000, 464.00000,
,,,-00.000008500000, 440.00000,
,,,-00.000008480000, 440.00000,
,,,-00.000008460000, 416.00000,
,,,-00.000008440000, 400.00000,
,,,-00.000008420000, 392.00000,
,,,-00.000008400000, 384.00000,
,,,-00.000008380000, 368.00000,
,,,-00.000008360000, 352.00000,
,,,-00.000008340000, 344.00000,
,,,-00.000008320000, 336.00000,
,,,-00.000008300000, 320.00000,
,,,-00.000008280000, 296.00000,
,,,-00.000008260000, 280.00000,
,,,-00.000008240000, 272.00000,
,,,-00.000008220000, 256.00000,
,,,-00.000008200000, 256.00000,
,,,-00.000008180000, 232.00000,
,,,-00.000008160000, 232.00000,
,,,-00.000008140000, 224.00000,
,,,-00.000008120000, 208.00000,
,,,-00.000008100000, 184.00000,
,,,-00.000008080000, 192.00000,
,,,-00.000008060000, 176.00000,
,,,-00.000008040000, 184.00000,
,,,-00.000008020000, 160.00000,
,,,-00.000008000000, 160.00000,
,,,-00.000007980000, 152.00000,
,,,-00.000007960000, 152.00000,
,,,-00.000007940000, 136.00000,
,,,-00.000007920000, 144.00000,
,,,-00.000007900000, 136.00000,
,,,-00.000007880000, 136.00000,
,,,-00.000007860000, 144.00000,
,,,-00.000007840000, 128.00000,
,,,-00.000007820000, 128.00000,
,,,-00.000007800000, 128.00000,
,,,-00.000007780000, 144.00000,
,,,-00.000007760000, 144.00000,
,,,-00.000007740000, 144.00000,
,,,-00.000007720000, 152.00000,
,,,-00.000007700000, 152.00000,
,,,-00.000007680000, 152.00000,
,,,-00.000007660000, 160.00000,
,,,-00.000007640000, 160.00000,
,,,-00.000007620000, 168.00000,
,,,-00.000007600000, 184.00000,
,,,-00.000007580000, 176.00000,
,,,-00.000007560000, 200.00000,
,,,-00.000007540000, 208.00000,
,,,-00.000007520000, 216.00000,
,,,-00.000007500000, 232.00000,
,,,-00.000007480000, 232.00000,
,,,-00.000007460000, 256.00000,
,,,-00.000007440000, 264.00000,
,,,-00.000007420000, 264.00000,
,,,-00.000007400000, 280.00000,
,,,-00.000007380000, 296.00000,
,,,-00.000007360000, 304.00000,
,,,-00.000007340000, 320.00000,
,,,-00.000007320000, 336.00000,
,,,-00.000007300000, 352.00000,
,,,-00.000007280000, 368.00000,
,,,-00.000007260000, 376.00000,
,,,-00.000007240000, 384.00000,
,,,-00.000007220000, 392.00000,
,,,-00.000007200000, 416.00000,
,,,-00.000007180000, 424.00000,
,,,-00.000007160000, 440.00000,
,,,-00.000007140000, 448.00000,
,,,-00.000007120000, 456.00000,
,,,-00.000007100000, 472.00000,
,,,-00.000007080000, 472.00000,
,,,-00.000007060000, 480.00000,
,,,-00.000007040000, 488.00000,
,,,-00.000007020000, 488.00000,
,,,-00.000007000000, 496.00000,
,,,-00.000006980000, 504.00000,
,,,-00.000006960000, 496.00000,
,,,-00.000006940000, 504.00000,
,,,-00.000006920000, 504.00000,
,,,-00.000006900000, 504.00000,
,,,-00.000006880000, 504.00000,
,,,-00.000006860000, 496.00000,
,,,-00.000006840000, 496.00000,
,,,-00.000006820000, 488.00000,
,,,-00.000006800000, 472.00000,
,,,-00.000006780000, 480.00000,
,,,-00.000006760000, 464.00000,
,,,-00.000006740000, 456.00000,
,,,-00.000006720000, 448.00000,
,,,-00.000006700000, 432.00000,
,,,-00.000006680000, 424.00000,
,,,-00.000006660000, 416.00000,
,,,-00.000006640000, 408.00000,
,,,-00.000006620000, 384.00000,
,,,-00.000006600000, 376.00000,
,,,-00.000006580000, 368.00000,
,,,-00.000006560000, 360.00000,
,,,-00.000006540000, 344.00000,
,,,-00.000006520000, 328.00000,
,,,-00.000006500000, 312.00000,
,,,-00.000006480000, 304.00000,
,,,-00.000006460000, 288.00000,
,,,-00.000006440000, 272.00000,
,,,-00.000006420000, 256.00000,
,,,-00.000006400000, 248.00000,
,,,-00.000006380000, 232.00000,
,,,-00.000006360000, 240.00000,
,,,-00.000006340000, 224.00000,
,,,-00.000006320000, 216.00000,
,,,-00.000006300000, 208.00000,
,,,-00.000006280000, 192.00000,
,,,-00.000006260000, 192.00000,
,,,-00.000006240000, 184.00000,
,,,-00.000006220000, 176.00000,
,,,-00.000006200000, 160.00000,
,,,-00.000006180000, 168.00000,
,,,-00.000006160000, 160.00000,
,,,-00.000006140000, 152.00000,
,,,-00.000006120000, 144.00000,
,,,-00.000006100000, 152.00000,
,,,-00.000006080000, 136.00000,
,,,-00.000006060000, 144.00000,
,,,-00.000006040000, 144.00000,
,,,-00.000006020000, 144.00000,
,,,-00.000006000000, 152.00000,
,,,-00.000005980000, 152.00000,
,,,-00.000005960000, 144.00000,
,,,-00.000005940000, 152.00000,
,,,-00.000005920000, 144.00000,
,,,-00.000005900000, 160.00000,
,,,-00.000005880000, 176.00000,
,,,-00.000005860000, 160.00000,
,,,-00.000005840000, 152.00000,
,,,-00.000005820000, 176.00000,
,,,-00.000005800000, 192.00000,
,,,-00.000005780000, 200.00000,
,,,-00.000005760000, 208.00000,
,,,-00.000005740000, 208.00000,
,,,-00.000005720000, 216.00000,
,,,-00.000005700000, 224.00000,
,,,-00.000005680000, 240.00000,
,,,-00.000005660000, 248.00000,
,,,-00.000005640000, 272.00000,
,,,-00.000005620000, 272.00000,
,,,-00.000005600000, 272.00000,
,,,-00.000005580000, 296.00000,
,,,-00.000005560000, 304.00000,
,,,-00.000005540000, 320.00000,
,,,-00.000005520000, 344.00000,
,,,-00.000005500000, 352.00000,
,,,-00.000005480000, 360.00000,
,,,-00.000005460000, 376.00000,
,,,-00.000005440000, 384.00000,
,,,-00.000005420000, 400.00000,
,,,-00.000005400000, 400.00000,
,,,-00.000005380000, 424.00000,
,,,-00.000005360000, 416.00000,
,,,-00.000005340000, 440.00000,
,,,-00.000005320000, 448.00000,
,,,-00.000005300000, 448.00000,
,,,-00.000005280000, 472.00000,
,,,-00.000005260000, 464.00000,
,,,-00.000005240000, 472.00000,
,,,-00.000005220000, 488.00000,
,,,-00.000005200000, 488.00000,
,,,-00.000005180000, 496.00000,
,,,-00.000005160000, 496.00000,
,,,-00.000005140000, 496.00000,
,,,-00.000005120000, 488.00000,
,,,-00.000005100000, 496.00000,
,,,-00.000005080000, 488.00000,
,,,-00.000005060000, 480.00000,
,,,-00.000005040000, 480.00000,
,,,-00.000005020000, 480.00000,
,,,-00.000005000000, 464.00000,
,,,-00.000004980000, 456.00000,
,,,-00.000004960000, 448.00000,
,,,-00.000004940000, 448.00000,
,,,-00.000004920000, 432.00000,
,,,-00.000004900000, 424.00000,
,,,-00.000004880000, 416.00000,
,,,-00.000004860000, 400.00000,
,,,-00.000004840000, 392.00000,
,,,-00.000004820000, 376.00000,
,,,-00.000004800000, 376.00000,
,,,-00.000004780000, 360.00000,
,,,-00.000004760000, 344.00000,
,,,-00.000004740000, 328.00000,
,,,-00.000004720000, 320.00000,
,,,-00.000004700000, 312.00000,
,,,-00.000004680000, 288.00000,
,,,-00.000004660000, 288.00000,
,,,-00.000004640000, 280.00000,
,,,-00.000004620000, 256.00000,
,,,-00.000004600000, 240.00000,
,,,-00.000004580000, 240.00000,
,,,-00.000004560000, 232.00000,
,,,-00.000004540000, 224.00000,
,,,-00.000004520000, 216.00000,
,,,-00.000004500000, 200.00000,
,,,-00.000004480000, 200.00000,
,,,-00.000004460000, 192.00000,
,,,-00.000004440000, 184.00000,
,,,-00.000004420000, 176.00000,
,,,-00.000004400000, 168.00000,
,,,-00.000004380000, 176.00000,
,,,-00.000004360000, 168.00000,
,,,-00.000004340000, 152.00000,
,,,-00.000004320000, 152.00000,
,,,-00.000004300000, 160.00000,
,,,-00.000004280000, 152.00000,
,,,-00.000004260000, 152.00000,
,,,-00.000004240000, 152.00000,
,,,-00.000004220000, 152.00000,
,,,-00.000004200000, 152.00000,
,,,-00.000004180000, 152.00000,
,,,-00.000004160000, 160.00000,
,,,-00.000004140000, 152.00000,
,,,-00.000004120000, 168.00000,
,,,-00.000004100000, 160.00000,
,,,-00.000004080000, 168.00000,
,,,-00.000004060000, 184.00000,
,,,-00.000004040000, 184.00000,
,,,-00.000004020000, 184.00000,
,,,-00.000004000000, 192.00000,
,,,-00.000003980000, 200.00000,
,,,-00.000003960000, 208.00000,
,,,-00.000003940000, 216.00000,
,,,-00.000003920000, 232.00000,
,,,-00.000003900000, 240.00000,
,,,-00.000003880000, 248.00000,
,,,-00.000003860000, 256.00000,
,,,-00.000003840000, 264.00000,
,,,-00.000003820000, 280.00000,
,,,-00.000003800000, 296.00000,
,,,-00.000003780000, 304.00000,
,,,-00.000003760000, 320.00000,
,,,-00.000003740000, 328.00000,
,,,-00.000003720000, 336.00000,
,,,-00.000003700000, 360.00000,
,,,-00.000003680000, 368.00000,
,,,-00.000003660000, 360.00000,
,,,-00.000003640000, 384.00000,
,,,-00.000003620000, 392.00000,
,,,-00.000003600000, 408.00000,
,,,-00.000003580000, 416.00000,
,,,-00.000003560000, 424.00000,
,,,-00.000003540000, 448.00000,
,,,-00.000003520000, 440.00000,
,,,-00.000003500000, 456.00000,
,,,-00.000003480000, 456.00000,
,,,-00.000003460000, 464.00000,
,,,-00.000003440000, 472.00000,
,,,-00.000003420000, 472.00000,
,,,-00.000003400000, 480.00000,
,,,-00.000003380000, 472.00000,
,,,-00.000003360000, 472.00000,
,,,-00.000003340000, 480.00000,
,,,-00.000003320000, 488.00000,
,,,-00.000003300000, 480.00000,
,,,-00.000003280000, 472.00000,
,,,-00.000003260000, 480.00000,
,,,-00.000003240000, 472.00000,
,,,-00.000003220000, 464.00000,
,,,-00.000003200000, 464.00000,
,,,-00.000003180000, 448.00000,
,,,-00.000003160000, 440.00000,
,,,-00.000003140000, 440.00000,
,,,-00.000003120000, 424.00000,
,,,-00.000003100000, 416.00000,
,,,-00.000003080000, 408.00000,
,,,-00.000003060000, 392.00000,
,,,-00.000003040000, 392.00000,
,,,-00.000003020000, 376.00000,
,,,-00.000003000000, 352.00000,
,,,-00.000002980000, 344.00000,
,,,-00.000002960000, 344.00000,
,,,-00.000002940000, 336.00000,
,,,-00.000002920000, 312.00000,
,,,-00.000002900000, 312.00000,
,,,-00.000002880000, 296.00000,
,,,-00.000002860000, 280.00000,
,,,-00.000002840000, 272.00000,
,,,-00.000002820000, 256.00000,
,,,-00.000002800000, 256.00000,
,,,-00.000002780000, 240.00000,
,,,-00.000002760000, 232.00000,
,,,-00.000002740000, 224.00000,
,,,-00.000002720000, 216.00000,
,,,-00.000002700000, 208.00000,
,,,-00.000002680000, 200.00000,
,,,-00.000002660000, 192.00000,
,,,-00.000002640000, 192.00000,
,,,-00.000002620000, 184.00000,
,,,-00.000002600000, 184.00000,
,,,-00.000002580000, 176.00000,
,,,-00.000002560000, 168.00000,
,,,-00.000002540000, 168.00000,
,,,-00.000002520000, 160.00000,
,,,-00.000002500000, 168.00000,
,,,-00.000002480000, 168.00000,
,,,-00.000002460000, 160.00000,
,,,-00.000002440000, 160.00000,
,,,-00.000002420000, 160.00000,
,,,-00.000002400000, 168.00000,
,,,-00.000002380000, 168.00000,
,,,-00.000002360000, 160.00000,
,,,-00.000002340000, 168.00000,
,,,-00.000002320000, 168.00000,
,,,-00.000002300000, 176.00000,
,,,-00.000002280000, 184.00000,
,,,-00.000002260000, 192.00000,
,,,-00.000002240000, 184.00000,
,,,-00.000002220000, 200.00000,
,,,-00.000002200000, 200.00000,
,,,-00.000002180000, 208.00000,
,,,-00.000002160000, 216.00000,
,,,-00.000002140000, 232.00000,
,,,-00.000002120000, 232.00000,
,,,-00.000002100000, 248.00000,
,,,-00.000002080000, 256.00000,
,,,-00.000002060000, 264.00000,
,,,-00.000002040000, 280.00000,
,,,-00.000002020000, 288.00000,
,,,-00.000002000000, 304.00000,
,,,-00.000001980000, 296.00000,
,,,-00.000001960000, 304.00000,
,,,-00.000001940000, 328.00000,
,,,-00.000001920000, 344.00000,
,,,-00.000001900000, 352.00000,
,,,-00.000001880000, 352.00000,
,,,-00.000001860000, 376.00000,
,,,-00.000001840000, 384.00000,
,,,-00.000001820000, 392.00000,
,,,-00.000001800000, 400.00000,
,,,-00.000001780000, 416.00000,
,,,-00.000001760000, 416.00000,
,,,-00.000001740000, 432.00000,
,,,-00.000001720000, 440.00000,
,,,-00.000001700000, 440.00000,
,,,-00.000001680000, 448.00000,
,,,-00.000001660000, 448.00000,
,,,-00.000001640000, 456.00000,
,,,-00.000001620000, 472.00000,
,,,-00.000001600000, 472.00000,
,,,-00.000001580000, 472.00000,
,,,-00.000001560000, 472.00000,
,,,-00.000001540000, 472.00000,
,,,-00.000001520000, 472.00000,
,,,-00.000001500000, 464.00000,
,,,-00.000001480000, 464.00000,
,,,-00.000001460000, 472.00000,
,,,-00.000001440000, 456.00000,
,,,-00.000001420000, 464.00000,
,,,-00.000001400000,  48.00000,
,,,-00.000001380000,   8.00000,
,,,-00.000001360000,  16.00000,
,,,-00.000001340000,  24.00000,
,,,-00.000001320000,  24.00000,
,,,-00.000001300000,  16.00000,
,,,-00.000001280000,  16.00000,
,,,-00.000001260000,  16.00000,
,,,-00.000001240000,   8.00000,
,,,-00.000001220000,  24.00000,
,,,-00.000001200000,  16.00000,
,,,-00.000001180000,  24.00000,
,,,-00.000001160000,  16.00000,
,,,-00.000001140000,  16.00000,
,,,-00.000001120000,   8.00000,
,,,-00.000001100000,  16.00000,
,,,-00.000001080000,  24.00000,
,,,-00.000001060000,  24.00000,
,,,-00.000001040000,  24.00000,
,,,-00.000001020000,   0.00000,
,,,-00.000001000000,  16.00000,
,,,-00.000000980000,  16.00000,
,,,-00.000000960000,   8.00000,
,,,-00.000000940000,  16.00000,
,,,-00.000000920000,  16.00000,
,,,-00.000000900000,  16.00000,
,,,-00.000000880000,  16.00000,
,,,-00.000000860000,  24.00000,
,,,-00.000000840000,   8.00000,
,,,-00.000000820000,  16.00000,
,,,-00.000000800000,  16.00000,
,,,-00.000000780000,  16.00000,
,,,-00.000000760000,  16.00000,
,,,-00.000000740000,   8.00000,
,,,-00.000000720000,   8.00000,
,,,-00.000000700000,   8.00000,
,,,-00.000000680000,  16.00000,
,,,-00.000000660000,   8.00000,
,,,-00.000000640000,   0.00000,
,,,-00.000000620000,   8.00000,
,,,-00.000000600000,  16.00000,
,,,-00.000000580000,   8.00000,
,,,-00.000000560000,   8.00000,
,,,-00.000000540000,  24.00000,
,,,-00.000000520000,   8.00000,
,,,-00.000000500000,  16.00000,
,,,-00.000000480000,  16.00000,
,,,-00.000000460000,  16.00000,
,,,-00.000000440000,  16.00000,
,,,-00.000000420000,  16.00000,
,,,-00.000000400000,  24.00000,
,,,-00.000000380000,   8.00000,
,,,-00.000000360000,  16.00000,
,,,-00.000000340000,   8.00000,
,,,-00.000000320000,   8.00000,
,,,-00.000000300000,   8.00000,
,,,-00.000000280000,  16.00000,
,,,-00.000000260000,  16.00000,
,,,-00.000000240000,  16.00000,
,,,-00.000000220000,  16.00000,
,,,-00.000000200000,  16.00000,
,,,-00.000000180000,  16.00000,
,,,-00.000000160000,   8.00000,
,,,-00.000000140000,   8.00000,
,,,-00.000000120000,  16.00000,
,,,-00.000000100000,  16.00000,
,,,-00.000000080000,  16.00000,
,,,-00.000000060000,   8.00000,
,,,-00.000000040000,  16.00000,
,,,-00.000000020000,  24.00000,
,,,-00.000000000000,   8.00000,
,,,00.000000020000,   0.00000,
,,,00.000000040000,   8.00000,
,,,00.000000060000,  16.00000,
,,,00.000000080000,   8.00000,
,,,00.000000100000,   0.00000,
,,,00.000000120000,  16.00000,
,,,00.000000140000,  16.00000,
,,,00.000000160000,  32.00000,
,,,00.000000180000,  88.00000,
,,,00.000000200000, 168.00000,
,,,00.000000220000, 272.00000,
,,,00.000000240000, 384.00000,
,,,00.000000260000, 504.00000,
,,,00.000000280000, 624.00000,
,,,00.000000300000, 640.00000,
,,,00.000000320000, 640.00000,
,,,00.000000340000, 632.00000,
,,,00.000000360000, 648.00000,
,,,00.000000380000, 656.00000,
,,,00.000000400000, 648.00000,
,,,00.000000420000, 640.00000,
,,,00.000000440000, 648.00000,
,,,00.000000460000, 656.00000,
,,,00.000000480000, 656.00000,
,,,00.000000500000, 656.00000,
,,,00.000000520000, 648.00000,
,,,00.000000540000, 648.00000,
,,,00.000000560000, 656.00000,
,,,00.000000580000, 648.00000,
,,,00.000000600000, 656.00000,
,,,00.000000620000, 656.00000,
,,,00.000000640000, 656.00000,
,,,00.000000660000, 664.00000,
,,,00.000000680000, 656.00000,
,,,00.000000700000, 648.00000,
,,,00.000000720000, 656.00000,
,,,00.000000740000, 648.00000,
,,,00.000000760000, 656.00000,
,,,00.000000780000, 656.00000,
,,,00.000000800000, 656.00000,
,,,00.000000820000, 656.00000,
,,,00.000000840000, 656.00000,
,,,00.000000860000, 656.00000,
,,,00.000000880000, 648.00000,
,,,00.000000900000, 632.00000,
,,,00.000000920000, 592.00000,
,,,00.000000940000, 552.00000,
,,,00.000000960000, 504.00000,
,,,00.000000980000, 464.00000,
,,,00.000001000000, 424.00000,
,,,00.000001020000, 392.00000,
,,,00.000001040000, 352.00000,
,,,00.000001060000, 336.00000,
,,,00.000001080000, 328.00000,
,,,00.000001100000, 320.00000,
,,,00.000001120000, 328.00000,
,,,00.000001140000, 344.00000,
,,,00.000001160000, 376.00000,
,,,00.000001180000, 400.00000,
,,,00.000001200000, 432.00000,
,,,00.000001220000, 480.00000,
,,,00.000001240000, 528.00000,
,,,00.000001260000, 560.00000,
,,,00.000001280000, 608.00000,
,,,00.000001300000, 640.00000,
,,,00.000001320000, 648.00000,
,,,00.000001340000, 656.00000,
,,,00.000001360000, 656.00000,
,,,00.000001380000, 656.00000,
,,,00.000001400000, 664.00000,
,,,00.000001420000, 664.00000,
,,,00.000001440000, 664.00000,
,,,00.000001460000, 656.00000,
,,,00.000001480000, 664.00000,
,,,00.000001500000, 624.00000,
,,,00.000001520000, 600.00000,
,,,00.000001540000, 560.00000,
,,,00.000001560000, 536.00000,
,,,00.000001580000, 488.00000,
,,,00.000001600000, 456.00000,
,,,00.000001620000, 440.00000,
,,,00.000001640000, 416.00000,
,,,00.000001660000, 400.00000,
,,,00.000001680000, 392.00000,
,,,00.000001700000, 392.00000,
,,,00.000001720000, 392.00000,
,,,00.000001740000, 400.00000,
,,,00.000001760000, 416.00000,
,,,00.000001780000, 432.00000,
,,,00.000001800000, 456.00000,
,,,00.000001820000, 480.00000,
,,,00.000001840000, 512.00000,
,,,00.000001860000, 536.00000,
,,,00.000001880000, 576.00000,
,,,00.000001900000, 592.00000,
,,,00.000001920000, 608.00000,
,,,00.000001940000, 624.00000,
,,,00.000001960000, 624.00000,
,,,00.000001980000, 632.00000,
,,,00.000002000000, 616.00000,
,,,00.000002020000, 608.00000,
,,,00.000002040000, 600.00000,
,,,00.000002060000, 576.00000,
,,,00.000002080000, 560.00000,
,,,00.000002100000, 536.00000,
,,,00.000002120000, 520.00000,
,,,00.000002140000, 504.00000,
,,,00.000002160000, 472.00000,
,,,00.000002180000, 464.00000,
,,,00.000002200000, 440.00000,
,,,00.000002220000, 440.00000,
,,,00.000002240000, 432.00000,
,,,00.000002260000, 424.00000,
,,,00.000002280000, 432.00000,
,,,00.000002300000, 432.00000,
,,,00.000002320000, 408.00000,
,,,00.000002340000, 416.00000,
,,,00.000002360000, 400.00000,
,,,00.000002380000, 408.00000,
,,,00.000002400000, 384.00000,
,,,00.000002420000, 360.00000,
,,,00.000002440000, 352.00000,
,,,00.000002460000, 336.00000,
,,,00.000002480000, 328.00000,
,,,00.000002500000, 312.00000,
,,,00.000002520000, 296.00000,
,,,00.000002540000, 280.00000,
,,,00.000002560000, 256.00000,
,,,00.000002580000, 256.00000,
,,,00.000002600000, 240.00000,
,,,00.000002620000, 240.00000,
,,,00.000002640000, 224.00000,
,,,00.000002660000, 208.00000,
,,,00.000002680000, 200.00000,
,,,00.000002700000, 192.00000,
,,,00.000002720000, 184.00000,
,,,00.000002740000, 176.00000,
,,,00.000002760000, 168.00000,
,,,00.000002780000, 160.00000,
,,,00.000002800000, 160.00000,
,,,00.000002820000, 144.00000,
,,,00.000002840000, 144.00000,
,,,00.000002860000, 144.00000,
,,,00.000002880000, 136.00000,
,,,00.000002900000, 144.00000,
,,,00.000002920000, 144.00000,
,,,00.000002940000, 120.00000,
,,,00.000002960000, 128.00000,
,,,00.000002980000, 128.00000,
,,,00.000003000000, 120.00000,
,,,00.000003020000, 128.00000,
,,,00.000003040000, 128.00000,
,,,00.000003060000, 128.00000,
,,,00.000003080000, 144.00000,
,,,00.000003100000, 144.00000,
,,,00.000003120000, 144.00000,
,,,00.000003140000, 152.00000,
,,,00.000003160000, 160.00000,
,,,00.000003180000, 152.00000,
,,,00.000003200000, 176.00000,
,,,00.000003220000, 184.00000,
,,,00.000003240000, 184.00000,
,,,00.000003260000, 200.00000,
,,,00.000003280000, 208.00000,
,,,00.000003300000, 224.00000,
,,,00.000003320000, 232.00000,
,,,00.000003340000, 240.00000,
,,,00.000003360000, 256.00000,
,,,00.000003380000, 256.00000,
,,,00.000003400000, 280.00000,
,,,00.000003420000, 296.00000,
,,,00.000003440000, 312.00000,
,,,00.000003460000, 320.00000,
,,,00.000003480000, 336.00000,
,,,00.000003500000, 352.00000,
,,,00.000003520000, 360.00000,
,,,00.000003540000, 376.00000,
,,,00.000003560000, 392.00000,
,,,00.000003580000, 400.00000,
,,,00.000003600000, 416.00000,
,,,00.000003620000, 424.00000,
,,,00.000003640000, 440.00000,
,,,00.000003660000, 448.00000,
,,,00.000003680000, 456.00000,
,,,00.000003700000, 472.00000,
,,,00.000003720000, 480.00000,
,,,00.000003740000, 488.00000,
,,,00.000003760000, 496.00000,
,,,00.000003780000, 488.00000,
,,,00.000003800000, 504.00000,
,,,00.000003820000, 512.00000,
,,,00.000003840000, 512.00000,
,,,00.000003860000, 512.00000,
,,,00.000003880000, 528.00000,
,,,00.000003900000, 504.00000,
,,,00.000003920000, 512.00000,
,,,00.000003940000, 512.00000,
,,,00.000003960000, 512.00000,
,,,00.000003980000, 488.00000,
,,,00.000004000000, 496.00000,
,,,00.000004020000, 488.00000,
,,,00.000004040000, 488.00000,
,,,00.000004060000, 464.00000,
,,,00.000004080000, 456.00000,
,,,00.000004100000, 448.00000,
,,,00.000004120000, 440.00000,
,,,00.000004140000, 424.00000,
,,,00.000004160000, 416.00000,
,,,00.000004180000, 400.00000,
,,,00.000004200000, 384.00000,
,,,00.000004220000, 376.00000,
,,,00.000004240000, 352.00000,
,,,00.000004260000, 344.00000,
,,,00.000004280000, 336.00000,
,,,00.000004300000, 312.00000,
,,,00.000004320000, 312.00000,
,,,00.000004340000, 296.00000,
,,,00.000004360000, 288.00000,
,,,00.000004380000, 272.00000,
,,,00.000004400000, 256.00000,
,,,00.000004420000, 248.00000,
,,,00.000004440000, 224.00000,
,,,00.000004460000, 224.00000,
,,,00.000004480000, 208.00000,
,,,00.000004500000, 192.00000,
,,,00.000004520000, 200.00000,
,,,00.000004540000, 176.00000,
,,,00.000004560000, 184.00000,
,,,00.000004580000, 168.00000,
,,,00.000004600000, 160.00000,
,,,00.000004620000, 168.00000,
,,,00.000004640000, 152.00000,
,,,00.000004660000, 144.00000,
,,,00.000004680000, 144.00000,
,,,00.000004700000, 136.00000,
,,,00.000004720000, 144.00000,
,,,00.000004740000, 144.00000,
,,,00.000004760000, 144.00000,
,,,00.000004780000, 136.00000,
,,,00.000004800000, 136.00000,
,,,00.000004820000, 144.00000,
,,,00.000004840000, 136.00000,
,,,00.000004860000, 152.00000,
,,,00.000004880000, 144.00000,
,,,00.000004900000, 152.00000,
,,,00.000004920000, 144.00000,
,,,00.000004940000, 152.00000,
,,,00.000004960000, 168.00000,
,,,00.000004980000, 168.00000,
,,,00.000005000000, 176.00000,
,,,00.000005020000, 184.00000,
,,,00.000005040000, 200.00000,
,,,00.000005060000, 192.00000,
,,,00.000005080000, 216.00000,
,,,00.000005100000, 216.00000,
,,,00.000005120000, 232.00000,
,,,00.000005140000, 248.00000,
,,,00.000005160000, 256.00000,
,,,00.000005180000, 264.00000,
,,,00.000005200000, 280.00000,
,,,00.000005220000, 296.00000,
,,,00.000005240000, 304.00000,
,,,00.000005260000, 320.00000,
,,,00.000005280000, 336.00000,
,,,00.000005300000, 344.00000,
,,,00.000005320000, 352.00000,
,,,00.000005340000, 384.00000,
,,,00.000005360000, 392.00000,
,,,00.000005380000, 392.00000,
,,,00.000005400000, 408.00000,
,,,00.000005420000, 424.00000,
,,,00.000005440000, 432.00000,
,,,00.000005460000, 440.00000,
,,,00.000005480000, 448.00000,
,,,00.000005500000, 472.00000,
,,,00.000005520000, 472.00000,
,,,00.000005540000, 488.00000,
,,,00.000005560000, 496.00000,
,,,00.000005580000, 488.00000,
,,,00.000005600000, 496.00000,
,,,00.000005620000, 496.00000,
,,,00.000005640000, 504.00000,
,,,00.000005660000, 496.00000,
,,,00.000005680000, 504.00000,
,,,00.000005700000, 504.00000,
,,,00.000005720000, 504.00000,
,,,00.000005740000, 504.00000,
,,,00.000005760000, 496.00000,
,,,00.000005780000, 488.00000,
,,,00.000005800000, 480.00000,
,,,00.000005820000, 480.00000,
,,,00.000005840000, 464.00000,
,,,00.000005860000, 464.00000,
,,,00.000005880000, 456.00000,
,,,00.000005900000, 440.00000,
,,,00.000005920000, 432.00000,
,,,00.000005940000, 416.00000,
,,,00.000005960000, 400.00000,
,,,00.000005980000, 392.00000,
,,,00.000006000000, 392.00000,
,,,00.000006020000, 368.00000,
,,,00.000006040000, 352.00000,
,,,00.000006060000, 344.00000,
,,,00.000006080000, 328.00000,
,,,00.000006100000, 328.00000,
,,,00.000006120000, 304.00000,
,,,00.000006140000, 296.00000,
,,,00.000006160000, 280.00000,
,,,00.000006180000, 264.00000,
,,,00.000006200000, 264.00000,
,,,00.000006220000, 240.00000,
,,,00.000006240000, 224.00000,
,,,00.000006260000, 216.00000,
,,,00.000006280000, 216.00000,
,,,00.000006300000, 200.00000,
,,,00.000006320000, 192.00000,
,,,00.000006340000, 192.00000,
,,,00.000006360000, 176.00000,
,,,00.000006380000, 184.00000,
,,,00.000006400000, 176.00000,
,,,00.000006420000, 160.00000,
,,,00.000006440000, 160.00000,
,,,00.000006460000, 168.00000,
,,,00.000006480000, 160.00000,
,,,00.000006500000, 160.00000,
,,,00.000006520000, 136.00000,
,,,00.000006540000, 144.00000,
,,,00.000006560000, 144.00000,
,,,00.000006580000, 152.00000,
,,,00.000006600000, 144.00000,
,,,00.000006620000, 152.00000,
,,,00.000006640000, 152.00000,
,,,00.000006660000, 160.00000,
,,,00.000006680000, 152.00000,
,,,00.000006700000, 160.00000,
,,,00.000006720000, 160.00000,
,,,00.000006740000, 168.00000,
,,,00.000006760000, 168.00000,
,,,00.000006780000, 176.00000,
,,,00.000006800000, 176.00000,
,,,00.000006820000, 200.00000,
,,,00.000006840000, 200.00000,
,,,00.000006860000, 208.00000,
,,,00.000006880000, 216.00000,
,,,00.000006900000, 208.00000,
,,,00.000006920000, 240.00000,
,,,00.000006940000, 248.00000,
,,,00.000006960000, 256.00000,
,,,00.000006980000, 272.00000,
,,,00.000007000000, 280.00000,
,,,00.000007020000, 296.00000,
,,,00.000007040000, 304.00000,
,,,00.000007060000, 328.00000,
,,,00.000007080000, 336.00000,
,,,00.000007100000, 352.00000,
,,,00.000007120000, 360.00000,
,,,00.000007140000, 376.00000,
,,,00.000007160000, 376.00000,
,,,00.000007180000, 392.00000,
,,,00.000007200000, 408.00000,
,,,00.000007220000, 424.00000,
,,,00.000007240000, 424.00000,
,,,00.000007260000, 440.00000,
,,,00.000007280000, 440.00000,
,,,00.000007300000, 456.00000,
,,,00.000007320000, 464.00000,
,,,00.000007340000, 464.00000,
,,,00.000007360000, 488.00000,
,,,00.000007380000, 480.00000,
,,,00.000007400000, 480.00000,
,,,00.000007420000, 488.00000,
,,,00.000007440000, 488.00000,
,,,00.000007460000, 496.00000,
,,,00.000007480000, 496.00000,
,,,00.000007500000, 488.00000,
,,,00.000007520000, 496.00000,
,,,00.000007540000, 488.00000,
,,,00.000007560000, 480.00000,
,,,00.000007580000, 480.00000,
,,,00.000007600000, 472.00000,
,,,00.000007620000, 464.00000,
,,,00.000007640000, 456.00000,
,,,00.000007660000, 440.00000,
,,,00.000007680000, 440.00000,
,,,00.000007700000, 432.00000,
,,,00.000007720000, 416.00000,
,,,00.000007740000, 408.00000,
,,,00.000007760000, 400.00000,
,,,00.000007780000, 392.00000,
,,,00.000007800000, 376.00000,
,,,00.000007820000, 368.00000,
,,,00.000007840000, 352.00000,
,,,00.000007860000, 344.00000,
,,,00.000007880000, 320.00000,
,,,00.000007900000, 320.00000,
,,,00.000007920000, 304.00000,
,,,00.000007940000, 280.00000,
,,,00.000007960000, 288.00000,
,,,00.000007980000, 272.00000,
,,,00.000008000000, 264.00000,
,,,00.000008020000, 240.00000,
,,,00.000008040000, 232.00000,
,,,00.000008060000, 224.00000,
,,,00.000008080000, 224.00000,
,,,00.000008100000, 208.00000,
,,,00.000008120000, 200.00000,
,,,00.000008140000, 192.00000,
,,,00.000008160000, 192.00000,
,,,00.000008180000, 184.00000,
,,,00.000008200000, 168.00000,
,,,00.000008220000, 168.00000,
,,,00.000008240000, 160.00000,
,,,00.000008260000, 152.00000,
,,,00.000008280000, 160.00000,
,,,00.000008300000, 152.00000,
,,,00.000008320000, 152.00000,
,,,00.000008340000, 160.00000,
,,,00.000008360000, 152.00000,
,,,00.000008380000, 152.00000,
,,,00.000008400000, 152.00000,
,,,00.000008420000, 160.00000,
,,,00.000008440000, 152.00000,
,,,00.000008460000, 160.00000,
,,,00.000008480000, 168.00000,
,,,00.000008500000, 152.00000,
,,,00.000008520000, 168.00000,
,,,00.000008540000, 176.00000,
,,,00.000008560000, 176.00000,
,,,00.000008580000, 184.00000,
,,,00.000008600000, 192.00000,
,,,00.000008620000, 200.00000,
,,,00.000008640000, 208.00000,
,,,00.000008660000, 216.00000,
,,,00.000008680000, 232.00000,
,,,00.000008700000, 240.00000,
,,,00.000008720000, 240.00000,
,,,00.000008740000, 256.00000,
,,,00.000008760000, 264.00000,
,,,00.000008780000, 280.00000,
,,,00.000008800000, 288.00000,
,,,00.000008820000, 296.00000,
,,,00.000008840000, 320.00000,
,,,00.000008860000, 328.00000,
,,,00.000008880000, 328.00000,
,,,00.000008900000, 352.00000,
,,,00.000008920000, 360.00000,
,,,00.000008940000, 376.00000,
,,,00.000008960000, 376.00000,
,,,00.000008980000, 400.00000,
,,,00.000009000000, 408.00000,
,,,00.000009020000, 416.00000,
,,,00.000009040000, 424.00000,
,,,00.000009060000, 440.00000,
,,,00.000009080000, 448.00000,
,,,00.000009100000, 448.00000,
,,,00.000009120000, 456.00000,
,,,00.000009140000, 464.00000,
,,,00.000009160000, 464.00000,
,,,00.000009180000, 464.00000,
,,,00.000009200000, 472.00000,
,,,00.000009220000, 480.00000,
,,,00.000009240000, 480.00000,
,,,00.000009260000, 480.00000,
,,,00.000009280000, 472.00000,
,,,00.000009300000, 480.00000,
,,,00.000009320000, 480.00000,
,,,00.000009340000, 464.00000,
,,,00.000009360000, 472.00000,
,,,00.000009380000, 472.00000,
,,,00.000009400000, 464.00000,
,,,00.000009420000, 448.00000,
,,,00.000009440000, 440.00000,
,,,00.000009460000, 440.00000,
,,,00.000009480000, 432.00000,
,,,00.000009500000, 432.00000,
,,,00.000009520000, 424.00000,
,,,00.000009540000, 392.00000,
,,,00.000009560000, 392.00000,
,,,00.000009580000, 376.00000,
,,,00.000009600000, 368.00000,
,,,00.000009620000, 360.00000,
,,,00.000009640000, 344.00000,
,,,00.000009660000, 328.00000,
,,,00.000009680000, 320.00000,
,,,00.000009700000, 304.00000,
,,,00.000009720000, 288.00000,
,,,00.000009740000, 288.00000,
,,,00.000009760000, 280.00000,
,,,00.000009780000, 272.00000,
,,,00.000009800000, 264.00000,
,,,00.000009820000, 256.00000,
,,,00.000009840000, 240.00000,
,,,00.000009860000, 232.00000,
,,,00.000009880000, 224.00000,
,,,00.000009900000, 208.00000,
,,,00.000009920000, 184.00000,
,,,00.000009940000, 192.00000,
,,,00.000009960000, 192.00000,
,,,00.000009980000, 184.00000,
,,,00.000010000000, 176.00000,
,,,00.000010020000, 176.00000,
,,,00.000010040000, 176.00000,
,,,00.000010060000, 176.00000,
,,,00.000010080000, 160.00000,
,,,00.000010100000, 160.00000,
,,,00.000010120000, 160.00000,
,,,00.000010140000, 168.00000,
,,,00.000010160000, 160.00000,
,,,00.000010180000, 160.00000,
,,,00.000010200000, 152.00000,
,,,00.000010220000, 152.00000,
,,,00.000010240000, 144.00000,
,,,00.000010260000, 168.00000,
,,,00.000010280000, 168.00000,
,,,00.000010300000, 176.00000,
,,,00.000010320000, 176.00000,
,,,00.000010340000, 184.00000,
,,,00.000010360000, 192.00000,
,,,00.000010380000, 192.00000,
,,,00.000010400000, 200.00000,
,,,00.000010420000, 216.00000,
,,,00.000010440000, 208.00000,
,,,00.000010460000, 224.00000,
,,,00.000010480000, 216.00000,
,,,00.000010500000, 248.00000,
,,,00.000010520000, 256.00000,
,,,00.000010540000, 256.00000,
,,,00.000010560000, 272.00000,
,,,00.000010580000, 280.00000,
,,,00.000010600000, 296.00000,
,,,00.000010620000, 304.00000,
,,,00.000010640000, 312.00000,
,,,00.000010660000, 336.00000,
,,,00.000010680000, 344.00000,
,,,00.000010700000, 344.00000,
,,,00.000010720000, 360.00000,
,,,00.000010740000, 376.00000,
,,,00.000010760000, 384.00000,
,,,00.000010780000, 392.00000,
,,,00.000010800000, 400.00000,
,,,00.000010820000, 408.00000,
,,,00.000010840000, 424.00000,
,,,00.000010860000, 416.00000,
,,,00.000010880000, 432.00000,
,,,00.000010900000, 448.00000,
,,,00.000010920000, 448.00000,
,,,00.000010940000, 456.00000,
,,,00.000010960000, 464.00000,
,,,00.000010980000, 464.00000,
,,,00.000011000000, 472.00000,
,,,00.000011020000, 472.00000,
,,,00.000011040000, 472.00000,
,,,00.000011060000, 472.00000,
,,,00.000011080000, 472.00000,
,,,00.000011100000, 472.00000,
,,,00.000011120000, 464.00000,
,,,00.000011140000, 464.00000,
,,,00.000011160000, 464.00000,
,,,00.000011180000, 448.00000,
,,,00.000011200000, 280.00000,
,,,00.000011220000,  16.00000,
,,,00.000011240000,  16.00000,
,,,00.000011260000,   8.00000,
,,,00.000011280000,  24.00000,
,,,00.000011300000,  16.00000,
,,,00.000011320000,  24.00000,
,,,00.000011340000,  16.00000,
,,,00.000011360000,  16.00000,
,,,00.000011380000,  16.00000,
,,,00.000011400000,  16.00000,
,,,00.000011420000,  16.00000,
,,,00.000011440000,  16.00000,
,,,00.000011460000,  16.00000,
,,,00.000011480000,  16.00000,
,,,00.000011500000,  16.00000,
,,,00.000011520000,  16.00000,
,,,00.000011540000,  16.00000,
,,,00.000011560000,  16.00000,
,,,00.000011580000,  24.00000,
,,,00.000011600000,  24.00000,
,,,00.000011620000,  16.00000,
,,,00.000011640000,  16.00000,
,,,00.000011660000,  24.00000,
,,,00.000011680000,  16.00000,
,,,00.000011700000,  16.00000,
,,,00.000011720000,  16.00000,
,,,00.000011740000,  16.00000,
,,,00.000011760000,  16.00000,
,,,00.000011780000,   8.00000,
,,,00.000011800000,  16.00000,
,,,00.000011820000,  16.00000,
,,,00.000011840000,  16.00000,
,,,00.000011860000,  16.00000,
,,,00.000011880000,  16.00000,
,,,00.000011900000,   8.00000,
,,,00.000011920000,  16.00000,
,,,00.000011940000,  16.00000,
,,,00.000011960000,  16.00000,
,,,00.000011980000,   8.00000,
,,,00.000012000000,   8.00000,
,,,00.000012020000,  16.00000,
,,,00.000012040000,  16.00000,
,,,00.000012060000,  16.00000,
,,,00.000012080000,   8.00000,
,,,00.000012100000,  16.00000,
,,,00.000012120000,  16.00000,
,,,00.000012140000,  16.00000,
,,,00.000012160000,   8.00000,
,,,00.000012180000,   8.00000,
,,,00.000012200000,  16.00000,
,,,00.000012220000,   8.00000,
,,,00.000012240000,   8.00000,
,,,00.000012260000,   8.00000,
,,,00.000012280000,  16.00000,
,,,00.000012300000,  16.00000,
,,,00.000012320000,   8.00000,
,,,00.000012340000,   8.00000,
,,,00.000012360000,   8.00000,
,,,00.000012380000,  16.00000,
,,,00.000012400000,  16.00000,
,,,00.000012420000,   8.00000,
,,,00.000012440000,  24.00000,
,,,00.000012460000,   0.00000,
,,,00.000012480000,  24.00000,
,,,00.000012500000,  16.00000,
,,,00.000012520000,   8.00000,
,,,00.000012540000,  16.00000,
,,,00.000012560000,  16.00000,
,,,00.000012580000,   0.00000,
,,,00.000012600000,  16.00000,
,,,00.000012620000,  16.00000,
,,,00.000012640000,  16.00000,
,,,00.000012660000,  16.00000,
,,,00.000012680000,  16.00000,
,,,00.000012700000,   8.00000,
,,,00.000012720000,  16.00000,
,,,00.000012740000,  24.00000,
,,,00.000012760000,  16.00000,
,,,00.000012780000,  72.00000,
,,,00.000012800000, 144.00000,
,,,00.000012820000, 232.00000,
,,,00.000012840000, 336.00000,
,,,00.000012860000, 464.00000,
,,,00.000012880000, 592.00000,
,,,00.000012900000, 640.00000,
,,,00.000012920000, 648.00000,
,,,00.000012940000, 640.00000,
,,,00.000012960000, 640.00000,
,,,00.000012980000, 640.00000,
,,,00.000013000000, 656.00000,
,,,00.000013020000, 648.00000,
,,,00.000013040000, 648.00000,
,,,00.000013060000, 648.00000,
,,,00.000013080000, 648.00000,
,,,00.000013100000, 648.00000,
,,,00.000013120000, 640.00000,
,,,00.000013140000, 648.00000,
,,,00.000013160000, 648.00000,
,,,00.000013180000, 656.00000,
,,,00.000013200000, 648.00000,
,,,00.000013220000, 656.00000,
,,,00.000013240000, 656.00000,
,,,00.000013260000, 656.00000,
,,,00.000013280000, 656.00000,
,,,00.000013300000, 656.00000,
,,,00.000013320000, 648.00000,
,,,00.000013340000, 656.00000,
,,,00.000013360000, 656.00000,
,,,00.000013380000, 656.00000,
,,,00.000013400000, 656.00000,
,,,00.000013420000, 664.00000,
,,,00.000013440000, 656.00000,
,,,00.000013460000, 648.00000,
,,,00.000013480000, 640.00000,
,,,00.000013500000, 624.00000,
,,,00.000013520000, 600.00000,
,,,00.000013540000, 576.00000,
,,,00.000013560000, 528.00000,
,,,00.000013580000, 488.00000,
,,,00.000013600000, 432.00000,
,,,00.000013620000, 400.00000,
,,,00.000013640000, 368.00000,
,,,00.000013660000, 336.00000,
,,,00.000013680000, 336.00000,
,,,00.000013700000, 328.00000,
,,,00.000013720000, 320.00000,
,,,00.000013740000, 336.00000,
,,,00.000013760000, 360.00000,
,,,00.000013780000, 392.00000,
,,,00.000013800000, 424.00000,
,,,00.000013820000, 472.00000,
,,,00.000013840000, 504.00000,
,,,00.000013860000, 552.00000,
,,,00.000013880000, 584.00000,
,,,00.000013900000, 624.00000,
,,,00.000013920000, 656.00000,
,,,00.000013940000, 648.00000,
,,,00.000013960000, 648.00000,
,,,00.000013980000, 648.00000,
,,,00.000014000000, 664.00000,
,,,00.000014020000, 648.00000,
,,,00.000014040000, 656.00000,
,,,00.000014060000, 648.00000,
,,,00.000014080000, 648.00000,
,,,00.000014100000, 632.00000,
,,,00.000014120000, 608.00000,
,,,00.000014140000, 568.00000,
,,,00.000014160000, 536.00000,
,,,00.000014180000, 504.00000,
,,,00.000014200000, 464.00000,
,,,00.000014220000, 456.00000,
,,,00.000014240000, 424.00000,
,,,00.000014260000, 408.00000,
,,,00.000014280000, 392.00000,
,,,00.000014300000, 392.00000,
,,,00.000014320000, 392.00000,
,,,00.000014340000, 400.00000,
,,,00.000014360000, 400.00000,
,,,00.000014380000, 424.00000,
,,,00.000014400000, 448.00000,
,,,00.000014420000, 480.00000,
,,,00.000014440000, 496.00000,
,,,00.000014460000, 528.00000,
,,,00.000014480000, 560.00000,
,,,00.000014500000, 584.00000,
,,,00.000014520000, 608.00000,
,,,00.000014540000, 616.00000,
,,,00.000014560000, 624.00000,
,,,00.000014580000, 624.00000,
,,,00.000014600000, 632.00000,
,,,00.000014620000, 624.00000,
,,,00.000014640000, 608.00000,
,,,00.000014660000, 592.00000,
,,,00.000014680000, 568.00000,
,,,00.000014700000, 544.00000,
,,,00.000014720000, 528.00000,
,,,00.000014740000, 504.00000,
,,,00.000014760000, 488.00000,
,,,00.000014780000, 464.00000,
,,,00.000014800000, 448.00000,
,,,00.000014820000, 424.00000,
,,,00.000014840000, 432.00000,
,,,00.000014860000, 424.00000,
,,,00.000014880000, 432.00000,
,,,00.000014900000, 432.00000,
,,,00.000014920000, 432.00000,
,,,00.000014940000, 408.00000,
,,,00.000014960000, 408.00000,
,,,00.000014980000, 400.00000,
,,,00.000015000000, 384.00000,
,,,00.000015020000, 368.00000,
,,,00.000015040000, 344.00000,
,,,00.000015060000, 336.00000,
,,,00.000015080000, 336.00000,
,,,00.000015100000, 312.00000,
,,,00.000015120000, 296.00000,
,,,00.000015140000, 280.00000,
,,,00.000015160000, 272.00000,
,,,00.000015180000, 264.00000,
,,,00.000015200000, 256.00000,
,,,00.000015220000, 240.00000,
,,,00.000015240000, 224.00000,
,,,00.000015260000, 200.00000,
,,,00.000015280000, 200.00000,
,,,00.000015300000, 184.00000,
,,,00.000015320000, 184.00000,
,,,00.000015340000, 168.00000,
,,,00.000015360000, 160.00000,
,,,00.000015380000, 152.00000,
,,,00.000015400000, 160.00000,
,,,00.000015420000, 144.00000,
,,,00.000015440000, 152.00000,
,,,00.000015460000, 136.00000,
,,,00.000015480000, 136.00000,
,,,00.000015500000, 128.00000,
,,,00.000015520000, 128.00000,
,,,00.000015540000, 128.00000,
,,,00.000015560000, 128.00000,
,,,00.000015580000, 128.00000,
,,,00.000015600000, 120.00000,
,,,00.000015620000, 128.00000,
,,,00.000015640000, 128.00000,
,,,00.000015660000, 128.00000,
,,,00.000015680000, 136.00000,
,,,00.000015700000, 136.00000,
,,,00.000015720000, 144.00000,
,,,00.000015740000, 144.00000,
,,,00.000015760000, 152.00000,
,,,00.000015780000, 160.00000,
,,,00.000015800000, 168.00000,
,,,00.000015820000, 176.00000,
,,,00.000015840000, 184.00000,
,,,00.000015860000, 184.00000,
,,,00.000015880000, 208.00000,
,,,00.000015900000, 216.00000,
,,,00.000015920000, 224.00000,
,,,00.000015940000, 224.00000,
,,,00.000015960000, 240.00000,
,,,00.000015980000, 264.00000,
,,,00.000016000000, 272.00000,
,,,00.000016020000, 288.00000,
,,,00.000016040000, 304.00000,
,,,00.000016060000, 312.00000,
,,,00.000016080000, 328.00000,
,,,00.000016100000, 344.00000,
,,,00.000016120000, 360.00000,
,,,00.000016140000, 368.00000,
,,,00.000016160000, 376.00000,
,,,00.000016180000, 392.00000,
,,,00.000016200000, 416.00000,
,,,00.000016220000, 424.00000,
,,,00.000016240000, 440.00000,
,,,00.000016260000, 448.00000,
,,,00.000016280000, 464.00000,
,,,00.000016300000, 472.00000,
,,,00.000016320000, 472.00000,
,,,00.000016340000, 480.00000,
,,,00.000016360000, 496.00000,
,,,00.000016380000, 496.00000,
,,,00.000016400000, 512.00000,
,,,00.000016420000, 496.00000,
,,,00.000016440000, 512.00000,
,,,00.000016460000, 512.00000,
,,,00.000016480000, 512.00000,
,,,00.000016500000, 520.00000,
,,,00.000016520000, 504.00000,
,,,00.000016540000, 504.00000,
,,,00.000016560000, 504.00000,
,,,00.000016580000, 504.00000,
,,,00.000016600000, 496.00000,
,,,00.000016620000, 488.00000,
,,,00.000016640000, 480.00000,
,,,00.000016660000, 472.00000,
,,,00.000016680000, 456.00000,
,,,00.000016700000, 448.00000,
,,,00.000016720000, 432.00000,
,,,00.000016740000, 424.00000,
,,,00.000016760000, 416.00000,
,,,00.000016780000, 408.00000,
,,,00.000016800000, 376.00000,
,,,00.000016820000, 376.00000,
,,,00.000016840000, 360.00000,
,,,00.000016860000, 352.00000,
,,,00.000016880000, 336.00000,
,,,00.000016900000, 328.00000,
,,,00.000016920000, 296.00000,
,,,00.000016940000, 296.00000,
,,,00.000016960000, 288.00000,
,,,00.000016980000, 264.00000,
,,,00.000017000000, 256.00000,
,,,00.000017020000, 248.00000,
,,,00.000017040000, 232.00000,
,,,00.000017060000, 224.00000,
,,,00.000017080000, 208.00000,
,,,00.000017100000, 192.00000,
,,,00.000017120000, 184.00000,
,,,00.000017140000, 192.00000,
,,,00.000017160000, 176.00000,
,,,00.000017180000, 168.00000,
,,,00.000017200000, 168.00000,
,,,00.000017220000, 160.00000,
,,,00.000017240000, 152.00000,
,,,00.000017260000, 144.00000,
,,,00.000017280000, 136.00000,
,,,00.000017300000, 136.00000,
,,,00.000017320000, 144.00000,
,,,00.000017340000, 136.00000,
,,,00.000017360000, 136.00000,
,,,00.000017380000, 136.00000,
,,,00.000017400000, 136.00000,
,,,00.000017420000, 136.00000,
,,,00.000017440000, 136.00000,
,,,00.000017460000, 144.00000,
,,,00.000017480000, 144.00000,
,,,00.000017500000, 144.00000,
,,,00.000017520000, 144.00000,
,,,00.000017540000, 160.00000,
,,,00.000017560000, 160.00000,
,,,00.000017580000, 168.00000,
,,,00.000017600000, 168.00000,
,,,00.000017620000, 176.00000,
,,,00.000017640000, 200.00000,
,,,00.000017660000, 192.00000,
,,,00.000017680000, 208.00000,
,,,00.000017700000, 224.00000,
,,,00.000017720000, 224.00000,
,,,00.000017740000, 240.00000,
,,,00.000017760000, 256.00000,
,,,00.000017780000, 264.00000,
,,,00.000017800000, 272.00000,
,,,00.000017820000, 280.00000,
,,,00.000017840000, 296.00000,
,,,00.000017860000, 312.00000,
,,,00.000017880000, 328.00000,
,,,00.000017900000, 344.00000,
,,,00.000017920000, 344.00000,
,,,00.000017940000, 360.00000,
,,,00.000017960000, 368.00000,
,,,00.000017980000, 400.00000,
,,,00.000018000000, 408.00000,
,,,00.000018020000, 416.00000,
,,,00.000018040000, 424.00000,
,,,00.000018060000, 440.00000,
,,,00.000018080000, 448.00000,
,,,00.000018100000, 448.00000,
,,,00.000018120000, 464.00000,
,,,00.000018140000, 472.00000,
,,,00.000018160000, 472.00000,
,,,00.000018180000, 488.00000,
,,,00.000018200000, 496.00000,
,,,00.000018220000, 504.00000,
,,,00.000018240000, 496.00000,
,,,00.000018260000, 512.00000,
,,,00.000018280000, 512.00000,
,,,00.000018300000, 512.00000,
,,,00.000018320000, 496.00000,
,,,00.000018340000, 504.00000,
,,,00.000018360000, 488.00000,
,,,00.000018380000, 488.00000,
,,,00.000018400000, 480.00000,
,,,00.000018420000, 472.00000,
,,,00.000018440000, 472.00000,
,,,00.000018460000, 464.00000,
,,,00.000018480000, 464.00000,
,,,00.000018500000, 440.00000,
,,,00.000018520000, 424.00000,
,,,00.000018540000, 416.00000,
,,,00.000018560000, 408.00000,
,,,00.000018580000, 400.00000,
,,,00.000018600000, 376.00000,
,,,00.000018620000, 368.00000,
,,,00.000018640000, 360.00000,
,,,00.000018660000, 344.00000,
,,,00.000018680000, 328.00000,
,,,00.000018700000, 320.00000,
,,,00.000018720000, 304.00000,
,,,00.000018740000, 296.00000,
,,,00.000018760000, 288.00000,
,,,00.000018780000, 256.00000,
,,,00.000018800000, 256.00000,
,,,00.000018820000, 248.00000,
,,,00.000018840000, 240.00000,
,,,00.000018860000, 224.00000,
,,,00.000018880000, 216.00000,
,,,00.000018900000, 208.00000,
,,,00.000018920000, 200.00000,
,,,00.000018940000, 184.00000,
,,,00.000018960000, 184.00000,
,,,00.000018980000, 176.00000,
,,,00.000019000000, 168.00000,
,,,00.000019020000, 168.00000,
,,,00.000019040000, 152.00000,
,,,00.000019060000, 152.00000,
,,,00.000019080000, 144.00000,
,,,00.000019100000, 152.00000,
,,,00.000019120000, 160.00000,
,,,00.000019140000, 144.00000,
,,,00.000019160000, 144.00000,
,,,00.000019180000, 144.00000,
,,,00.000019200000, 152.00000,
,,,00.000019220000, 136.00000,
,,,00.000019240000, 144.00000,
,,,00.000019260000, 160.00000,
,,,00.000019280000, 160.00000,
,,,00.000019300000, 160.00000,
,,,00.000019320000, 160.00000,
,,,00.000019340000, 160.00000,
,,,00.000019360000, 168.00000,
,,,00.000019380000, 176.00000,
,,,00.000019400000, 192.00000,
,,,00.000019420000, 200.00000,
,,,00.000019440000, 200.00000,
,,,00.000019460000, 208.00000,
,,,00.000019480000, 208.00000,
,,,00.000019500000, 224.00000,
,,,00.000019520000, 240.00000,
,,,00.000019540000, 248.00000,
,,,00.000019560000, 256.00000,
,,,00.000019580000, 272.00000,
,,,00.000019600000, 272.00000,
,,,00.000019620000, 296.00000,
,,,00.000019640000, 312.00000,
,,,00.000019660000, 320.00000,
,,,00.000019680000, 328.00000,
,,,00.000019700000, 352.00000,
,,,00.000019720000, 360.00000,
,,,00.000019740000, 360.00000,
,,,00.000019760000, 376.00000,
,,,00.000019780000, 392.00000,
,,,00.000019800000, 400.00000,
,,,00.000019820000, 408.00000,
,,,00.000019840000, 424.00000,
,,,00.000019860000, 440.00000,
,,,00.000019880000, 448.00000,
,,,00.000019900000, 448.00000,
,,,00.000019920000, 464.00000,
,,,00.000019940000, 464.00000,
,,,00.000019960000, 480.00000,
,,,00.000019980000, 480.00000,
,,,00.000020000000, 480.00000,
,,,00.000020020000, 480.00000,
,,,00.000020040000, 488.00000,
,,,00.000020060000, 488.00000,
,,,00.000020080000, 488.00000,
,,,00.000020100000, 488.00000,
,,,00.000020120000, 488.00000,
,,,00.000020140000, 472.00000,
,,,00.000020160000, 488.00000,
,,,00.000020180000, 488.00000,
,,,00.000020200000, 472.00000,
,,,00.000020220000, 472.00000,
,,,00.000020240000, 456.00000,
,,,00.000020260000, 448.00000,
,,,00.000020280000, 448.00000,
,,,00.000020300000, 440.00000,
,,,00.000020320000, 424.00000,
,,,00.000020340000, 416.00000,
,,,00.000020360000, 400.00000,
,,,00.000020380000, 384.00000,
,,,00.000020400000, 384.00000,
,,,00.000020420000, 368.00000,
,,,00.000020440000, 352.00000,
,,,00.000020460000, 352.00000,
,,,00.000020480000, 336.00000,
,,,00.000020500000, 312.00000,
,,,00.000020520000, 304.00000,
,,,00.000020540000, 296.00000,
,,,00.000020560000, 288.00000,
,,,00.000020580000, 272.00000,
,,,00.000020600000, 264.00000,
,,,00.000020620000, 256.00000,
,,,00.000020640000, 232.00000,
,,,00.000020660000, 240.00000,
,,,00.000020680000, 224.00000,
,,,00.000020700000, 208.00000,
,,,00.000020720000, 192.00000,
,,,00.000020740000, 192.00000,
,,,00.000020760000, 184.00000,
,,,00.000020780000, 184.00000,
,,,00.000020800000, 176.00000,
,,,00.000020820000, 168.00000,
,,,00.000020840000, 168.00000,
,,,00.000020860000, 152.00000,
,,,00.000020880000, 168.00000,
,,,00.000020900000, 160.00000,
,,,00.000020920000, 152.00000,
,,,00.000020940000, 152.00000,
,,,00.000020960000, 160.00000,
,,,00.000020980000, 152.00000,
,,,00.000021000000, 160.00000,
,,,00.000021020000, 152.00000,
,,,00.000021040000, 152.00000,
,,,00.000021060000, 152.00000,
,,,00.000021080000, 160.00000,
,,,00.000021100000, 168.00000,
,,,00.000021120000, 168.00000,
,,,00.000021140000, 168.00000,
,,,00.000021160000, 176.00000,
,,,00.000021180000, 184.00000,
,,,00.000021200000, 192.00000,
,,,00.000021220000, 192.00000,
,,,00.000021240000, 208.00000,
,,,00.000021260000, 216.00000,
,,,00.000021280000, 224.00000,
,,,00.000021300000, 232.00000,
,,,00.000021320000, 248.00000,
,,,00.000021340000, 248.00000,
,,,00.000021360000, 264.00000,
,,,00.000021380000, 272.00000,
,,,00.000021400000, 280.00000,
,,,00.000021420000, 296.00000,
,,,00.000021440000, 312.00000,
,,,00.000021460000, 320.00000,
,,,00.000021480000, 328.00000,
,,,00.000021500000, 344.00000,
,,,00.000021520000, 352.00000,
,,,00.000021540000, 368.00000,
,,,00.000021560000, 376.00000,
,,,00.000021580000, 384.00000,
,,,00.000021600000, 400.00000,
,,,00.000021620000, 408.00000,
,,,00.000021640000, 416.00000,
,,,00.000021660000, 432.00000,
,,,00.000021680000, 432.00000,
,,,00.000021700000, 456.00000,
,,,00.000021720000, 456.00000,
,,,00.000021740000, 464.00000,
,,,00.000021760000, 472.00000,
,,,00.000021780000, 472.00000,
,,,00.000021800000, 464.00000,
,,,00.000021820000, 480.00000,
,,,00.000021840000, 496.00000,
,,,00.000021860000, 480.00000,
,,,00.000021880000, 480.00000,
,,,00.000021900000, 480.00000,
,,,00.000021920000, 472.00000,
,,,00.000021940000, 480.00000,
,,,00.000021960000, 472.00000,
,,,00.000021980000, 472.00000,
,,,00.000022000000, 464.00000,
,,,00.000022020000, 456.00000,
,,,00.000022040000, 448.00000,
,,,00.000022060000, 440.00000,
,,,00.000022080000, 432.00000,
,,,00.000022100000, 424.00000,
,,,00.000022120000, 408.00000,
,,,00.000022140000, 400.00000,
,,,00.000022160000, 400.00000,
,,,00.000022180000, 384.00000,
,,,00.000022200000, 376.00000,
,,,00.000022220000, 368.00000,
,,,00.000022240000, 352.00000,
,,,00.000022260000, 336.00000,
,,,00.000022280000, 328.00000,
,,,00.000022300000, 320.00000,
,,,00.000022320000, 296.00000,
,,,00.000022340000, 304.00000,
,,,00.000022360000, 272.00000,
,,,00.000022380000, 264.00000,
,,,00.000022400000, 264.00000,
,,,00.000022420000, 256.00000,
,,,00.000022440000, 248.00000,
,,,00.000022460000, 240.00000,
,,,00.000022480000, 216.00000,
,,,00.000022500000, 224.00000,
,,,00.000022520000, 208.00000,
,,,00.000022540000, 208.00000,
,,,00.000022560000, 200.00000,
,,,00.000022580000, 192.00000,
,,,00.000022600000, 184.00000,
,,,00.000022620000, 168.00000,
,,,00.000022640000, 168.00000,
,,,00.000022660000, 168.00000,
,,,00.000022680000, 176.00000,
,,,00.000022700000, 168.00000,
,,,00.000022720000, 152.00000,
,,,00.000022740000, 152.00000,
,,,00.000022760000, 168.00000,
,,,00.000022780000, 160.00000,
,,,00.000022800000, 160.00000,
,,,00.000022820000, 160.00000,
,,,00.000022840000, 168.00000,
,,,00.000022860000, 168.00000,
,,,00.000022880000, 176.00000,
,,,00.000022900000, 176.00000,
,,,00.000022920000, 168.00000,
,,,00.000022940000, 184.00000,
,,,00.000022960000, 184.00000,
,,,00.000022980000, 192.00000,
,,,00.000023000000, 208.00000,
,,,00.000023020000, 200.00000,
,,,00.000023040000, 200.00000,
,,,00.000023060000, 224.00000,
,,,00.000023080000, 240.00000,
,,,00.000023100000, 240.00000,
,,,00.000023120000, 248.00000,
,,,00.000023140000, 264.00000,
,,,00.000023160000, 272.00000,
,,,00.000023180000, 280.00000,
,,,00.000023200000, 288.00000,
,,,00.000023220000, 304.00000,
,,,00.000023240000, 320.00000,
,,,00.000023260000, 328.00000,
,,,00.000023280000, 336.00000,
,,,00.000023300000, 344.00000,
,,,00.000023320000, 352.00000,
,,,00.000023340000, 376.00000,
,,,00.000023360000, 384.00000,
,,,00.000023380000, 384.00000,
,,,00.000023400000, 408.00000,
,,,00.000023420000, 408.00000,
,,,00.000023440000, 416.00000,
,,,00.000023460000, 424.00000,
,,,00.000023480000, 432.00000,
,,,00.000023500000, 440.00000,
,,,00.000023520000, 448.00000,
,,,00.000023540000, 456.00000,
,,,00.000023560000, 456.00000,
,,,00.000023580000, 464.00000,
,,,00.000023600000, 464.00000,
,,,00.000023620000, 472.00000,
,,,00.000023640000, 472.00000,
,,,00.000023660000, 480.00000,
,,,00.000023680000, 480.00000,
,,,00.000023700000, 472.00000,
,,,00.000023720000, 472.00000,
,,,00.000023740000, 472.00000,
,,,00.000023760000, 464.00000,
,,,00.000023780000, 456.00000,
,,,00.000023800000, 432.00000,
,,,00.000023820000,  32.00000,
,,,00.000023840000,  24.00000,
,,,00.000023860000,   8.00000,
,,,00.000023880000,  16.00000,
,,,00.000023900000,  24.00000,
,,,00.000023920000,  16.00000,
,,,00.000023940000,  16.00000,
,,,00.000023960000,  24.00000,
,,,00.000023980000,  24.00000,
,,,00.000024000000,  24.00000,
,,,00.000024020000,  32.00000,
,,,00.000024040000,  16.00000,
,,,00.000024060000,  16.00000,
,,,00.000024080000,  16.00000,
,,,00.000024100000,  16.00000,
,,,00.000024120000,  24.00000,
,,,00.000024140000,  24.00000,
,,,00.000024160000,  16.00000,
,,,00.000024180000,  24.00000,
,,,00.000024200000,  16.00000,
,,,00.000024220000,  24.00000,
,,,00.000024240000,  16.00000,
,,,00.000024260000,  16.00000,
,,,00.000024280000,  16.00000,
,,,00.000024300000,   8.00000,
,,,00.000024320000,  24.00000,
,,,00.000024340000,   8.00000,
,,,00.000024360000,  16.00000,
,,,00.000024380000,  16.00000,
,,,00.000024400000,  24.00000,
,,,00.000024420000,  16.00000,
,,,00.000024440000,   8.00000,
,,,00.000024460000,  16.00000,
,,,00.000024480000,  16.00000,
,,,00.000024500000,  24.00000,
,,,00.000024520000,  24.00000,
,,,00.000024540000,  24.00000,
,,,00.000024560000,  16.00000,
,,,00.000024580000,  16.00000,
,,,00.000024600000,  24.00000,
,,,00.000024620000,  16.00000,
,,,00.000024640000,  24.00000,
,,,00.000024660000,   8.00000,
,,,00.000024680000,  24.00000,
,,,00.000024700000,   8.00000,
,,,00.000024720000,   0.00000,
,,,00.000024740000,  16.00000,
,,,00.000024760000,   8.00000,
,,,00.000024780000,  24.00000,
,,,00.000024800000,  16.00000,
,,,00.000024820000,  16.00000,
,,,00.000024840000,  16.00000,
,,,00.000024860000,  24.00000,
,,,00.000024880000,  16.00000,
,,,00.000024900000,   8.00000,
,,,00.000024920000,  24.00000,
,,,00.000024940000,  16.00000,
,,,00.000024960000,  16.00000,
,,,00.000024980000,  16.00000,
